brand_name,name,processor_type,processor_brand,generations,ram,storage_capacity_gb,have_ssd,have_hdd,graphics_capacity,price,display_size_inch,display_type,color,brand_name_encoded,processor_type_encoded,processor_brand_encoded,generations_encoded,display_type_encoded,color_encoded,storage_type,storage_type_encoded,is_gaming,price_category,Hierarchical,DBSCAN_Original,DBSCAN_UMAP,DBSCAN_PCA
lenovo,Lenovo IdeaPad D330 10IGL Intel CDC N4020 4GB RAM 128GB eMMC 10.1 Inch HD IPS Touch Display Mineral Grey Laptop<br> Product Id: 33.01.200.965,Intel Celeron,Intel,Not Applicable,4,128,False,True,0,34500,10.1,HD,Mineral Grey,10,8,2,4,8,41,HDD,0,0,0,4,3,0,0
hp,HP 15s-eq1578AU AMD Athlon Silver 3050U 8GB  256GB SSD 15.6 Inch FHD Display Silver Laptop<br> Product Id: 33.01.020.1490,AMD Athlon,AMD,Not Applicable,8,256,True,False,0,46500,15.6,FHD,Silver,7,0,0,4,3,67,SSD,1,0,0,1,0,1,1
acer,"Acer Aspire 3 A315-510P-38RH (13th Gen Standard) Intel Core i3 N305 8GB RAM, 512GB SSD 15.6 Inch FHD Display Pure Silver Laptop<br> Product Id: 33.01.002.1029",Intel Core i3,Intel,13th,8,512,True,False,0,49800,15.6,FHD,Pure Silver,0,10,2,3,3,60,SSD,1,0,0,4,1,2,0
lenovo,Lenovo IdeaPad 1 15ADA7 AMD Ryzen 3 3250U 8GB RAM 512GB SSD 15.6 Inch FHD Display Cloud Grey Laptop<br> Product Id: 33.01.200.1009,AMD Ryzen 3,AMD,Not Applicable,8,512,True,False,0,49900,15.6,FHD,Cloud Grey,10,1,0,4,3,16,SSD,1,0,0,1,0,1,1
lenovo,Lenovo IdeaPad Slim 3i 15ITL 11th Gen Intel Core i3 1115G4 4GB RAM 256GB SSD 15.6 Inch FHD Display Arctic Grey Laptop<br> Product Id: 33.01.200.1036,Intel Core i3,Intel,11th,4,256,True,False,0,51400,15.6,FHD,Arctic Grey,10,10,2,1,3,3,SSD,1,0,0,4,1,3,0
acer,Acer Aspire 3 A315-24P AMD Ryzen 3 7320U 8GB RAM 512GB SSD 15.6 Inch FHD Display Pure Silver Laptop#UN.KDESI.027<br> Product Id: 33.01.002.1035,AMD Ryzen 3,AMD,Not Applicable,8,512,True,False,0,53000,15.6,FHD,Pure Silver,0,1,0,4,3,60,SSD,1,0,0,1,0,1,1
lenovo,Lenovo IdeaPad 1 15AMN7 AMD Ryzen 3 7320U 8GB RAM 512GB SSD 15.6 Inch FHD Display Sand Laptop<br> Product Id: 33.01.200.1093,AMD Ryzen 3,AMD,Not Applicable,8,512,True,False,0,53400,15.6,FHD,Sand,10,1,0,4,3,63,SSD,1,0,0,1,0,1,1
hp,HP 15s-fq5486TU Intel Core i3 1215U 4GB RAM 256GB SSD 15.6 Inch FHD Display Black Laptop<br> Product Id: 33.01.020.1464,Intel Core i3,Intel,12th,4,256,True,False,0,56500,15.6,FHD,Black,7,10,2,2,3,9,SSD,1,0,0,4,1,2,0
acer,Acer Aspire 3 A315-59-390P Intel Core i3 1215U 8GB RAM 512GB SSD 15.6 Inch FHD Display Pure Silver Laptop<br> Product Id: 33.01.002.996,Intel Core i3,Intel,12th,8,512,True,False,0,57000,15.6,FHD,Pure Silver,0,10,2,2,3,60,SSD,1,0,0,4,1,2,0
acer,"Acer Aspire 3 A315-59-332B Intel Core i3 1215U 8GB RAM, 512GB SSD 15.6 Inch FHD Display Pure Silver Laptop #NX.K6TSI.00H/UN.K6TSI.024<br> Product Id: 33.01.002.1030",Intel Core i3,Intel,12th,8,512,True,False,0,57500,15.6,FHD,Pure Silver,0,10,2,2,3,60,SSD,1,0,0,4,1,2,0
huawei,Huawei MateBook D 15 Intel Core i3 1115G4 8GB RAM 256GB SSD 15.6 Inch FHD Display Silver Laptop<br> Product Id: 33.03.487.06,Intel Core i3,Intel,11th,8,256,True,False,0,60500,15.6,FHD,Silver,8,10,2,1,3,67,SSD,1,0,0,4,1,3,0
dell,Dell Inspiron 15 3520 Intel Core i3 1215U 8GB RAM 512GB SSD 15.6 Inch FHD Display Platinum Silver Laptop<br> Product Id: 33.01.013.1625,Intel Core i3,Intel,12th,8,512,True,False,0,60500,15.6,FHD,Platinum Silver,5,10,2,2,3,58,SSD,1,0,0,4,1,2,0
acer,Acer Aspire Lite AL15-41 AMD Ryzen 5 5500U 8GB RAM 512GB SSD 15.6 Inch FHD Display Titanium Gray Laptop<br> Product Id: 33.01.002.1021,AMD Ryzen 5,AMD,Not Applicable,8,512,True,False,0,61000,15.6,FHD,Titanium Gray,0,2,0,4,3,84,SSD,1,0,0,1,0,1,1
acer,Acer Aspire 5 5P-A515-58P Intel Core i3 1305U 8GB RAM 512GB SSD 15.6 Inch FHD Display Steel Gray Laptop<br> Product Id: 33.01.002.999,Intel Core i3,Intel,13th,8,512,True,False,0,61500,15.6,FHD,Steel Gray,0,10,2,3,3,77,SSD,1,0,0,4,1,2,0
acer,Acer Aspire Lite AL15-51 Intel Core i5 1155G7 8GB RAM 512GB SSD 15.6 Inch FHD Display Titanium Gray Laptop<br> Product Id: 33.01.002.1020,Intel Core i5,Intel,11th,8,512,True,False,0,61500,15.6,FHD,Titanium Gray,0,11,2,1,3,84,SSD,1,0,0,4,1,2,0
asus,Asus VivoBook 15 X1500EA Intel Core i3 1115G4 8GB RAM 1TB HDD 15.6 Inch FHD WV Display Indie Black Laptop<br> Product Id: 33.01.006.1628,Intel Core i3,Intel,11th,8,1024,False,True,0,62800,15.6,FHD WV,Indie Black,2,10,2,1,7,31,HDD,0,0,0,4,3,1,0
hp,HP 15s-fq5786TU Intel Core i3 1215U 8GB RAM 512GB SSD 15.6 Inch FHD Display Silver Laptop<br> Product Id: 33.01.020.1465,Intel Core i3,Intel,12th,8,512,True,False,0,63500,15.6,FHD,Silver,7,10,2,2,3,67,SSD,1,0,0,4,1,2,0
asus,Asus VivoBook 15 X1502ZA Intel Core i3 1215U 4GB RAM 256GB SSD 15.6 Inch FHD Display Terra Cotta Laptop<br> Product Id: 33.01.006.1718,Intel Core i3,Intel,12th,4,256,True,False,0,63900,15.6,FHD,Terra Cotta,2,10,2,2,3,82,SSD,1,0,0,4,1,2,0
asus,Asus X515EA Intel Core i5 1135G7 4GB RAM 1TB HDD 15.6 Inch FHD Display Peacock Blue Laptop<br> Product Id: 33.01.006.1660,Intel Core i5,Intel,11th,4,1024,False,True,0,68500,15.6,FHD,Peacock Blue,2,11,2,1,3,51,HDD,0,0,0,4,3,1,0
asus,Asus X515EA Intel Core i5 1135G7 4GB RAM 1TB HDD 15.6 Inch FHD Display Slate Grey Laptop #EJ2460W-X515EA<br> Product Id: 33.01.006.1661,Intel Core i5,Intel,11th,4,1024,False,True,0,68500,15.6,FHD,Slate Grey,2,11,2,1,3,68,HDD,0,0,0,4,3,1,0
acer,Acer Aspire 3 A315-59-5031 Intel Core i5 1235U 8GB RAM 512GB SSD 15.6 Inch FHD Display Pure Silver Laptop<br> Product Id: 33.01.002.1000,Intel Core i5,Intel,12th,8,512,True,False,0,71500,15.6,FHD,Pure Silver,0,11,2,2,3,60,SSD,1,0,0,4,1,2,0
dell,Dell Latitude 15-3520 Intel Core i5 1135G7 8GB RAM 256GB SSD 15.6 Inch HD Display Black Laptop<br> Product Id: 33.01.013.1657,Intel Core i5,Intel,11th,8,256,True,False,0,73500,15.6,HD,Black,5,11,2,1,8,9,SSD,1,0,0,4,1,2,0
huawei,Huawei MateBook D 15 Intel Core i5 1135G7 8GB RAM 512GB SSD 15.6 Inch FHD Display Silver Laptop<br> Product Id: 33.03.487.04,Intel Core i5,Intel,11th,8,512,True,False,0,76000,15.6,FHD,Silver,8,11,2,1,3,67,SSD,1,0,0,4,1,3,0
huawei,Huawei MateBook B3-520 Intel Core i5 1135G7 8GB RAM 512GB SSD 15.6 Inch FHD Display Space Gray Laptop<br> Product Id: 33.03.487.09,Intel Core i5,Intel,11th,8,512,True,False,0,76000,15.6,FHD,Space Gray,8,11,2,1,3,71,SSD,1,0,0,4,1,3,0
acer,"Acer Swift Go 14 SFG14-41-R5RB AMD Ryzen 5 7530U 8GB RAM, 512GB SSD 14 Inch FHD Display Pure Silver Laptop<br> Product Id: 33.01.002.1024",AMD Ryzen 5,AMD,Not Applicable,8,512,True,False,0,77000,14.0,FHD,Pure Silver,0,2,0,4,3,60,SSD,1,0,0,1,0,1,1
acer,Acer TravelMate P214-53-72WA Intel Core i7 1165G7 8GB RAM 512GB SSD 14 Inch FHD Display Shale Black Laptop<br> Product Id: 33.01.002.966,Intel Core i7,Intel,11th,8,512,True,False,0,82500,14.0,FHD,Shale Black,0,12,2,1,3,66,SSD,1,0,0,4,1,4,0
lenovo,Lenovo IdeaPad Slim 3 15ABR8 AMD Ryzen 7 7730U 8GB RAM 512GB SSD 15.6 Inch FHD Antiglare IPS Display Arctic Grey Laptop<br> Product Id: 33.01.200.1090,AMD Ryzen 7,AMD,Not Applicable,8,512,True,False,0,83000,15.6,FHD IPS,Arctic Grey,10,3,0,4,4,3,SSD,1,0,0,1,0,1,1
lenovo,Lenovo IdeaPad Slim 3i 15ITL6 Intel Core i7 1165G7 8GB RAM 512GB SSD 15.6 Inch FHD Antiglare Display Arctic Grey Laptop #82H803EUIN-2Y<br> Product Id: 33.01.200.1087,Intel Core i7,Intel,11th,8,512,True,False,0,88000,15.6,FHD,Arctic Grey,10,12,2,1,3,3,SSD,1,0,0,4,1,3,0
dell,Dell Inspiron 15 3525 AMD Ryzen 7 5825U 8GB RAM 512GB SSD 15.6 Inch FHD Display Platinum Silver Laptop<br> Product Id: 33.01.013.1633,AMD Ryzen 7,AMD,Not Applicable,8,512,True,False,0,88500,15.6,FHD,Platinum Silver,5,3,0,4,3,58,SSD,1,0,0,1,0,1,1
msi,MSI Modern 15 A11MU Intel Core i7 1195G7 8GB RAM 512GB SSD 15.6 Inch FHD Display Carbon Gray Laptop<br> Product Id: 33.01.033.1245,Intel Core i7,Intel,11th,8,512,True,False,0,89500,15.6,FHD,Carbon Gray,12,12,2,1,3,12,SSD,1,0,0,4,1,3,0
msi,MSI Modern 14 C11M Intel Core i7 1195G7 8GB RAM 512GB SSD 14 Inch FHD Display Classic Black Laptop<br> Product Id: 33.01.033.1255,Intel Core i7,Intel,11th,8,512,True,False,0,95000,14.0,FHD,Classic Black,12,12,2,1,3,15,SSD,1,0,0,4,1,5,0
lenovo,Lenovo IdeaPad Slim 3i 15ITL6 Intel Core i7 1165G7 8GB RAM 512GB SSD 15.6 Inch FHD Antiglare LED Display Abyss Blue Laptop<br> Product Id: 33.01.200.1055,Intel Core i7,Intel,11th,8,512,True,False,0,95500,15.6,FHD,Abyss Blue,10,12,2,1,3,0,SSD,1,0,0,4,1,3,0
acer,"Acer Aspire 5 5M-A515-58GM Intel Core i5 1335U 16GB RAM, 512GB SSD 15.6 Inch FHD IPS Display Steel Gray Gaming Laptop<br> Product Id: 33.02.002.1036",Intel Core i5,Intel,13th,16,512,True,False,4,99500,15.6,FHD IPS,Steel Gray,0,11,2,3,4,77,SSD,1,1,0,3,2,0,2
acer,"Acer Swift Go 14 SFG14-71-557P Intel Core i5 13500H 16GB RAM, 512GB SSD 14 Inch 2.8K OLED WQHD Display Sunshiny Gold Laptop<br> Product Id: 33.01.002.1025",Intel Core i5,Intel,13th,16,512,True,False,0,119000,14.0,OLED WQHD,Sunshiny Gold,0,11,2,3,11,80,SSD,1,0,0,2,1,6,1
gigabyte,Gigabyte Gaming G5 KE Intel Core i5 12500H 8GB RAM 512GB SSD 15.6 Inch FHD Display Matte Black Gaming Laptop<br> Product Id: 33.02.018.81,Intel Core i5,Intel,12th,8,512,True,False,6,146000,15.6,FHD,Matte Black,6,11,2,2,3,37,SSD,1,1,0,3,2,0,2
lenovo,Lenovo IdeaPad Gaming 3i 15IHU Intel Core i7 11370H 16GB RAM 1TB HDD + 256GB SSD 15.6 Inch FHD Display Shadow Black Gaming Laptop #82K100WFIN-3Y<br> Product Id: 33.02.200.1000,Intel Core i7,Intel,11th,16,1024,True,True,4,118000,15.6,FHD,Shadow Black,10,12,2,1,3,65,SSD,1,1,0,3,2,0,2
chuwi,Chuwi HeroBook Pro Intel CDC N4020 8GB RAM 256GB SSD 14.1 Inch FHD Display Grey Laptop<br> Product Id: 33.01.767.20,Intel Celeron,Intel,Not Applicable,8,256,True,False,0,28800,14.0,FHD,Grey,4,8,2,4,3,28,SSD,1,0,0,4,1,5,0
chuwi,Chuwi GemiBook XPro Intel Core N100 8GB RAM 256GB SSD 14.1 Inch FHD Display Grey Laptop<br> Product Id: 33.01.767.19,Intel Core N100,Intel,12th,8,256,True,False,0,34900,14.0,FHD,Grey,4,9,2,2,3,28,SSD,1,0,0,4,1,4,0
lenovo,Lenovo IdeaPad Slim 3i 15IGL Intel CDC N4020 4GB RAM 1TB HDD 15.6 Inch HD Display Platinum Grey Laptop<br> Product Id: 33.01.200.1059,Intel Celeron,Intel,Not Applicable,4,1024,False,True,0,35000,15.6,HD,Platinum Grey,10,8,2,4,8,56,HDD,0,0,0,4,3,1,0
chuwi,Chuwi GemiBook Plus Intel Core N100 8GB RAM 256GB SSD 15.6 Inch FHD Display Grey Laptop<br> Product Id: 33.01.767.18,Intel Core N100,Intel,12th,8,256,True,False,0,35900,15.6,FHD,Grey,4,9,2,2,3,28,SSD,1,0,0,4,1,2,0
lenovo,Lenovo IdeaPad Slim 3i 15IGL Intel CDC N4020 4GB RAM 1TB HDD 15.6 Inch HD Antiglare Display Platinum Grey Laptop<br> Product Id: 33.01.200.963,Intel Celeron,Intel,Not Applicable,4,1024,False,True,0,36000,15.6,HD,Platinum Grey,10,8,2,4,8,56,HDD,0,0,0,4,3,1,0
asus,Asus 15 P1511CMA Intel CDC N4020 4GB RAM 1TB HDD 15.6 Inch HD Display Slate Grey Laptop (Carry bag not included)<br> Product Id: 33.01.006.1599,Intel Celeron,Intel,Not Applicable,4,1024,False,True,0,37500,15.6,HD,Slate Grey,2,8,2,4,8,68,HDD,0,0,0,4,3,1,1
hp,HP 250 G8 Intel CDC N4020 4GB RAM 1TB HDD 15.6 Inch FHD Display Dark Ash Silver Laptop<br> Product Id: 33.01.020.1485,Intel Celeron,Intel,Not Applicable,4,1024,False,True,0,38500,15.6,FHD,Dark Ash Silver,7,8,2,4,3,19,HDD,0,0,0,4,3,1,0
asus,Asus X415KA Intel CDC N4500 4GB RAM 1TB HDD 14 Inch FHD Display Slate Grey Laptop<br> Product Id: 33.01.006.1617,Intel Celeron,Intel,Not Applicable,4,1024,False,True,0,39500,14.0,FHD,Slate Grey,2,8,2,4,3,68,HDD,0,0,0,4,3,1,0
asus,Asus X515MA Intel CDC N4020 4GB RAM 1TB HDD 15.6 Inch FHD Display Transparent Silver Laptop #BQ675W-X515MA<br> Product Id: 33.01.006.1487,Intel Celeron,Intel,Not Applicable,4,1024,False,True,0,40500,15.6,FHD,Transparent Silver,2,8,2,4,3,85,HDD,0,0,0,4,3,1,0
asus,Asus X515KA Intel CDC N4500 4GB RAM 1TB HDD 15.6 Inch FHD Display Transparent Silver Laptop<br> Product Id: 33.01.006.1619,Intel Celeron,Intel,Not Applicable,4,1024,False,True,0,40500,15.6,FHD,Transparent Silver,2,8,2,4,3,85,HDD,0,0,0,4,3,1,0
asus,Asus X515KA Intel CDC N4500 4GB RAM 1TB HDD 15.6 Inch FHD Display Slate Grey Laptop<br> Product Id: 33.01.006.1618,Intel Celeron,Intel,Not Applicable,4,1024,False,True,0,40500,15.6,FHD,Slate Grey,2,8,2,4,3,68,HDD,0,0,0,4,3,1,0
asus,Asus X515MA Intel CDC N4020 4GB RAM 1TB HDD 15.6 Inch FHD Display Slate Grey Laptop<br> Product Id: 33.01.006.1434,Intel Celeron,Intel,Not Applicable,4,1024,False,True,0,43500,15.6,FHD,Slate Grey,2,8,2,4,3,68,HDD,0,0,0,4,3,1,0
asus,Asus VivoBook 14 E410MA Intel CDC N4020 4GB RAM 256GB SSD 14 Inch HD Display Blue Laptop<br> Product Id: 33.01.006.1554,Intel Celeron,Intel,Not Applicable,4,256,True,False,0,44000,14.0,HD,Blue,2,8,2,4,8,10,SSD,1,0,0,4,1,6,0
acer,Acer Extensa 15 EX215-54-34SE Intel Core i3 1115G4 4GB RAM 1TB HDD 15.6 Inch FHD Display Charcoal Black Laptop<br> Product Id: 33.01.002.958,Intel Core i3,Intel,11th,4,1024,False,True,0,46500,15.6,FHD,Charcoal Black,0,10,2,1,3,14,HDD,0,0,0,4,3,1,0
asus,Asus D415DA AMD Ryzen 3 3250U 4GB RAM 1TB HDD 14 Inch HD Display Slate Grey Laptop<br> Product Id: 33.01.006.1600,AMD Ryzen 3,AMD,Not Applicable,4,1024,False,True,0,46500,14.0,HD,Slate Grey,2,1,0,4,8,68,HDD,0,0,0,4,3,1,1
asus,Asus M515DA AMD Ryzen 3 3250U 4GB RAM 1TB HDD 15.6 Inch HD Display Slate Grey Laptop<br> Product Id: 33.01.006.1620,AMD Ryzen 3,AMD,Not Applicable,4,1024,False,True,0,46500,15.6,HD,Slate Grey,2,1,0,4,8,68,HDD,0,0,0,4,3,1,1
asus,Asus E510MA Intel CDC N4020 4GB RAM 512GB SSD 15.6 Inch FHD Display Star Black Laptop #EJ601W-E510MA<br> Product Id: 33.01.006.1515,Intel Celeron,Intel,Not Applicable,4,512,True,False,0,47000,15.6,FHD,Star Black,2,8,2,4,3,73,SSD,1,0,0,4,1,2,0
asus,"Asus D415DA AMD Ryzen 3 3250U 8GB RAM 1TB HDD 14 Inch HD Display, Slate Grey Laptop<br> Product Id: 33.01.006.1773",AMD Ryzen 3,AMD,Not Applicable,8,1024,False,True,0,47900,14.0,HD,Slate Grey,2,1,0,4,8,68,HDD,0,0,0,4,3,1,1
chuwi,Chuwi MiniBook X 2 in 1 Intel Core N100 12GB RAM 512GB SSD 10.5 Inch FHD+ WUXGA Touch Display Grey Laptop<br> Product Id: 33.01.767.21,Intel Core N100,Intel,12th,12,512,True,False,0,47900,10.5,FHD WUXGA,Grey,4,9,2,2,6,28,SSD,1,0,0,4,1,4,0
asus,Asus D515DA AMD Ryzen 3 3250U 4GB RAM 512GB SSD 15.6 Inch FHD Display Slate Grey Laptop #EJ1325W-D515DA<br> Product Id: 33.01.006.1506,AMD Ryzen 3,AMD,Not Applicable,4,512,True,False,0,48900,15.6,FHD,Slate Grey,2,1,0,4,3,68,SSD,1,0,0,1,0,1,1
asus,Asus D515DA AMD Ryzen 3 3250U 4GB RAM 512GB SSD 15.6 Inch FHD Display Slate Grey Laptop #D515DA-EJ1576W<br> Product Id: 33.01.006.1644,AMD Ryzen 3,AMD,Not Applicable,4,512,True,False,0,48900,15.6,FHD,Slate Grey,2,1,0,4,3,68,SSD,1,0,0,1,0,1,1
chuwi,Chuwi UBook X 2 in 1 Intel Core i5 10210Y 8GB RAM 256GB SSD 12 Inch 2K Touch Display Grey Laptop<br> Product Id: 33.01.767.22,Intel Core i5,Intel,10th,8,256,True,False,0,49900,12.0,FHD IPS,Grey,4,11,2,0,4,28,SSD,1,0,0,4,1,4,0
lenovo,Lenovo IdeaPad Slim 3i 15ITL6 Core i3 1115G4 4GB RAM 1TB HDD 15.6 Inch FHD Display Arctic Grey Laptop<br> Product Id: 33.01.200.1047,Intel Core i3,Intel,11th,4,1024,False,True,0,52900,15.6,FHD,Arctic Grey,10,10,2,1,3,3,HDD,0,0,0,4,3,1,0
lenovo,Lenovo IdeaPad 1 15AMN7 AMD Ryzen 3 7320U 8GB RAM 512GB SSD 15.6 Inch FHD Display Cloud Grey Laptop<br> Product Id: 33.01.200.1092,AMD Ryzen 3,AMD,Not Applicable,8,512,True,False,0,53400,15.6,FHD,Cloud Grey,10,1,0,4,3,16,SSD,1,0,0,1,0,1,1
acer,Acer Aspire 3 A315-510P (13th Gen Standard) Intel Core i3 N305 8GB RAM 512GB SSD 15.6 Inch FHD Display Pure Silver Laptop<br> Product Id: 33.01.002.987,Intel Core i3,Intel,13th,8,512,True,False,0,54000,15.6,FHD,Pure Silver,0,10,2,3,3,60,SSD,1,0,0,4,1,2,0
hp,HP 15s-du3611TU Intel Core i3 1125G4 4GB RAM 1TB HDD 15.6 Inch FHD Display Jet Black Laptop<br> Product Id: 33.01.020.1396,Intel Core i3,Intel,11th,4,1024,False,True,0,55500,15.6,FHD,Jet Black,7,10,2,1,3,36,HDD,0,0,0,4,3,1,0
msi,MSI Modern 14 C11M Intel Core i3 1115G4 8GB RAM 512GB SSD 14 Inch FHD Display Classic Black Laptop#9S7-14J312-242<br> Product Id: 33.01.033.1258,Intel Core i3,Intel,11th,8,512,True,False,0,56000,14.0,FHD,Classic Black,12,10,2,1,3,15,SSD,1,0,0,4,1,5,0
dell,"Dell Inspiron 15 3535 AMD Ryzen 3 7320U 8GB RAM, 256GB SSD 15.6 Inch FHD Display Carbon Black Laptop<br> Product Id: 33.01.013.1669",AMD Ryzen 3,AMD,Not Applicable,8,256,True,False,0,56000,15.6,FHD,Carbon Black,5,1,0,4,3,11,SSD,1,0,0,1,0,1,1
hp,HP 250 G8 Intel Core i3 1115G4 4GB RAM 1TB HDD 15.6 Inch FHD Display Ash Silver Laptop<br> Product Id: 33.01.020.1486,Intel Core i3,Intel,11th,4,1024,False,True,0,56500,15.6,FHD,Ash Silver,7,10,2,1,3,5,HDD,0,0,0,4,3,1,0
lenovo,"Lenovo IdeaPad Slim 3i 14IAU7 Intel Core i3 1215U 8GB RAM, 256GB SSD 14 Inch FHD Display Misty Blue Laptop<br> Product Id: 33.01.200.1143",Intel Core i3,Intel,12th,8,256,True,False,0,56500,14.0,FHD,Misty Blue,10,10,2,2,3,42,SSD,1,0,0,4,1,5,0
lenovo,Lenovo IdeaPad Slim 3i 14ITL Intel Core i3 1115G4 8GB RAM 256GB SSD 14 Inch FHD Display Arctic Grey Laptop<br> Product Id: 33.01.200.986,Intel Core i3,Intel,11th,8,256,True,False,0,56900,14.0,FHD,Arctic Grey,10,10,2,1,3,3,SSD,1,0,0,4,1,5,0
asus,Asus ExpertBook P2451FA Intel Core i3 10110U 4GB RAM 1TB HDD 14 Inch FHD Display Star Black Laptop<br> Product Id: 33.01.006.1615,Intel Core i3,Intel,10th,4,1024,False,True,0,57000,14.0,FHD,Star Black,2,10,2,0,3,73,HDD,0,0,0,4,3,1,0
hp,HP 240 G8 Intel Core i3 1115G4 8GB RAM 1TB HDD 14 Inch FHD Display Ash Laptop<br> Product Id: 33.01.020.1424,Intel Core i3,Intel,11th,8,1024,False,True,0,57500,14.0,FHD,Ash,7,10,2,1,3,4,HDD,0,0,0,4,3,1,0
hp,HP 250 G8 Intel Core i3 1115G4 8GB RAM 1TB HDD 15.6 Inch FHD Display Silver Laptop<br> Product Id: 33.01.020.1499,Intel Core i3,Intel,11th,8,1024,False,True,0,57500,15.6,FHD,Silver,7,10,2,1,3,67,HDD,0,0,0,4,3,1,0
lenovo,Lenovo IdeaPad Slim 3i 15ITL6 Intel Core i3 1115G4 8GB RAM 512GB SSD 15.6 Inch FHD Display Arctic Grey Laptop<br> Product Id: 33.01.200.1107,Intel Core i3,Intel,11th,8,512,True,False,0,57500,15.6,FHD,Arctic Grey,10,10,2,1,3,3,SSD,1,0,0,4,1,3,0
lenovo,Lenovo IdeaPad Slim 3i 14ITL6 Intel Core i3 1115G4 8GB RAM 512GB SSD 14 Inch FHD Display Arctic Grey Laptop<br> Product Id: 33.01.200.1108,Intel Core i3,Intel,11th,8,512,True,False,0,57500,14.0,FHD,Arctic Grey,10,10,2,1,3,3,SSD,1,0,0,4,1,5,0
hp,HP 255 G8 AMD Ryzen 3 5300U 8GB RAM 1TB HDD 15.6 Inch FHD Display Dark Ash Silver Laptop<br> Product Id: 33.01.020.1527,AMD Ryzen 3,AMD,Not Applicable,8,1024,False,True,0,57500,15.6,FHD,Dark Ash Silver,7,1,0,4,3,19,HDD,0,0,0,4,3,1,1
acer,Acer Aspire 3 A315-24P AMD Ryzen 5 7520U 8GB RAM 15.6 Inch FHD Display Pure Silver Laptop<br> Product Id: 33.01.002.1037,AMD Ryzen 5,AMD,Not Applicable,8,512,True,False,0,58000,15.6,FHD,Pure Silver,0,2,0,4,3,60,SSD,1,0,0,1,0,1,1
infinix,"Infinix INBOOK Y2 Plus Intel Core i5 1155G7 8GB RAM, 512GB SSD 15.6 Inch FHD Display Silver Laptop<br> Product Id: 33.01.937.01",Intel Core i5,Intel,11th,8,512,True,False,0,58990,15.6,FHD,Silver,9,11,2,1,3,67,SSD,1,0,0,4,1,3,0
infinix,"Infinix INBOOK Y2 Plus Intel Core i5 1155G7 8GB RAM, 512GB SSD 15.6 Inch FHD Display Grey Laptop<br> Product Id: 33.01.937.02",Intel Core i5,Intel,11th,8,512,True,False,0,58990,15.6,FHD,Grey,9,11,2,1,3,28,SSD,1,0,0,4,1,3,0
lenovo,Lenovo V15 Gen 3 Intel Core i3 1215U 8GB RAM 512GB SSD 15.6 Inch FHD Display Iron Grey Laptop<br> Product Id: 33.01.200.1118,Intel Core i3,Intel,12th,8,512,True,False,0,59500,15.6,FHD,Iron Grey,10,10,2,2,3,34,SSD,1,0,0,4,1,3,0
lenovo,"Lenovo IdeaPad Slim 3i 14IAU7 Intel Core i3 1215U 8GB RAM, 512GB SSD 14 Inch FHD Display Arctic Grey Laptop<br> Product Id: 33.01.200.1144",Intel Core i3,Intel,12th,8,512,True,False,0,59500,14.0,FHD,Arctic Grey,10,10,2,2,3,3,SSD,1,0,0,4,1,5,0
lenovo,"Lenovo IdeaPad Slim 3i 15IAU7 Intel Core i3 1215U 8GB RAM, 512GB SSD 15.6 Inch FHD Display Abyss Blue Laptop<br> Product Id: 33.01.200.1145",Intel Core i3,Intel,12th,8,512,True,False,0,59500,15.6,FHD,Abyss Blue,10,10,2,2,3,0,SSD,1,0,0,4,1,3,0
dell,Dell Inspiron 15 3520 Intel Core i3 1215U 8GB RAM 512GB SSD 15.6 Inch FHD Display Carbon Black Laptop<br> Product Id: 33.01.013.1626,Intel Core i3,Intel,12th,8,512,True,False,0,60500,15.6,FHD,Carbon Black,5,10,2,2,3,11,SSD,1,0,0,4,1,2,0
lenovo,Lenovo IdeaPad Slim 3i 14ITL6 Intel Core i3 1115G4 8GB RAM 512GB SSD 14 Inch FHD Antiglare Display Arctic Grey Laptop<br> Product Id: 33.01.200.1065,Intel Core i3,Intel,11th,8,512,True,False,0,61000,14.0,FHD,Arctic Grey,10,10,2,1,3,3,SSD,1,0,0,4,1,5,0
chuwi,Chuwi CoreBook XPro Intel Core i3 1215U 16GB RAM 512GB SSD 15.6 Inch FHD Display Grey Laptop<br> Product Id: 33.01.767.17,Intel Core i3,Intel,12th,16,512,True,False,0,61000,15.6,FHD,Grey,4,10,2,2,3,28,SSD,1,0,0,4,1,2,0
asus,"Asus VivoBook 15 X1500EA Intel Core i3 1115G4 8GB RAM, 1TB HDD + 256GB SSD 15.6 Inch FHD Display Indie Black Laptop<br> Product Id: 33.01.006.1807",Intel Core i3,Intel,11th,8,1024,True,True,0,61800,15.6,FHD,Indie Black,2,10,2,1,3,31,SSD,1,0,0,4,1,2,0
asus,Asus VivoBook 15 K513EA Intel Core i3 1115G4 4GB RAM 512GB SSD 15.6 Inch FHD OLED Display Hearty Gold Laptop<br> Product Id: 33.01.006.1630,Intel Core i3,Intel,11th,4,512,True,False,0,61900,15.6,FHD OLED,Hearty Gold,2,10,2,1,5,29,SSD,1,0,0,4,1,2,0
infinix,Infinix INBOOK X2 Intel Core i5 1155G7 8GB RAM 512GB SSD14 Inch FHD Display Grey Laptop<br> Product Id: 33.01.937.04,Intel Core i5,Intel,11th,8,512,True,False,0,61990,14.0,FHD,Grey,9,11,2,1,3,28,SSD,1,0,0,4,1,5,0
asus,"Asus VivoBook Go 15 E1504FA AMD Ryzen 3 7320U 8GB RAM, 512GB SSD 15.6 Inch FHD LED Display Mixed Black Laptop<br> Product Id: 33.01.006.1767",AMD Ryzen 3,AMD,Not Applicable,8,512,True,False,0,62000,15.6,FHD,Mixed Black,2,1,0,4,3,43,SSD,1,0,0,1,0,1,1
avita,"Avita LIBER V14 Intel Core i5 1135G7 8GB RAM, 512GB SSD 14 Inch FHD Display Soft Lavender Laptop<br> Product Id: 33.01.780.69",Intel Core i5,Intel,11th,8,512,True,False,0,62000,14.0,FHD,Soft Lavender,3,11,2,1,3,69,SSD,1,0,0,4,1,4,0
avita,"Avita LIBER V14 Intel Core i5 1135G7 8GB RAM, 512GB SSD 14 Inch FHD Display Infinite Black Laptop<br> Product Id: 33.01.780.70",Intel Core i5,Intel,11th,8,512,True,False,0,62000,14.0,FHD,Infinite Black,3,11,2,1,3,32,SSD,1,0,0,4,1,4,0
avita,"Avita LIBER V14 Intel Core i5 1135G7 8GB RAM, 512GB SSD 14 Inch FHD Display Star Silver Laptop<br> Product Id: 33.01.780.71",Intel Core i5,Intel,11th,8,512,True,False,0,62000,14.0,FHD,Star Silver,3,11,2,1,3,75,SSD,1,0,0,4,1,4,0
avita,"Avita LIBER V14 Intel Core i5 1135G7  8GBRAM, 512GB SSD 14 Inch FHD Display Anchor Grey Laptop<br> Product Id: 33.01.780.73",Intel Core i5,Intel,11th,8,512,True,False,0,62000,14.0,FHD,Anchor Grey,3,11,2,1,3,2,SSD,1,0,0,4,1,4,0
avita,"Avita LIBER V14 Intel Core i5 1135G7 8GB RAM, 512GB SSD 14 Inch FHD Display Golden Matt Black Laptop<br> Product Id: 33.01.780.74",Intel Core i5,Intel,11th,8,512,True,False,0,62000,14.0,FHD,Golden Matt Black,3,11,2,1,3,26,SSD,1,0,0,4,1,4,0
avita,"Avita LIBER V14 Intel Core i5 1135G7 8GB RAM, 512GB SSD 14 Inch FHD Display Flowers on Yellow Laptop<br> Product Id: 33.01.780.75",Intel Core i5,Intel,11th,8,512,True,False,0,62000,14.0,FHD,Flowers on Yellow,3,11,2,1,3,23,SSD,1,0,0,4,1,4,0
avita,"Avita LIBER V14 Intel Core i5 1135G7 8GB RAM, 512GB SSD 14 Inch FHD Display Paisley on Lilac Laptop<br> Product Id: 33.01.780.77",Intel Core i5,Intel,11th,8,512,True,False,0,62000,14.0,FHD,Paisley on Lilac,3,11,2,1,3,50,SSD,1,0,0,4,1,4,0
avita,"Avita LIBER V14 Intel Core i5 1135G7 8GB RAM, 512GB SSD 14 Inch FHD Display Snowflakes on Azure Blue Laptop<br> Product Id: 33.01.780.78",Intel Core i5,Intel,11th,8,512,True,False,0,62000,14.0,FHD,Azure Blue,3,11,2,1,3,6,SSD,1,0,0,4,1,4,0
avita,"Avita LIBER V14 Intel Core i5 1135G7 8GB RAM, 512GB SSD 14 Inch FHD Display Snowflakes on Mountain Blue Laptop<br> Product Id: 33.01.780.79",Intel Core i5,Intel,11th,8,512,True,False,0,62000,14.0,FHD,Mountain Blue,3,11,2,1,3,45,SSD,1,0,0,4,1,4,0
avita,"Avita LIBER V14 Intel Core i5 1135G7 8GB RAM, 512GB SSD 14 Inch FHD Display Iris on Ruby Laptop<br> Product Id: 33.01.780.76",Intel Core i5,Intel,11th,8,512,True,False,0,62000,14.0,FHD,Iris on Ruby,3,11,2,1,3,33,SSD,1,0,0,4,1,4,0
acer,"Acer TravelMate P214-54 Intel Core i3 1215U 8GB DDR4, 1TB HDD 14 Inch FHD IPS Display Black Laptop<br> Product Id: 33.01.002.1013",Intel Core i3,Intel,12th,8,1024,False,True,0,62500,14.0,FHD IPS,Black,0,10,2,2,4,9,HDD,0,0,0,4,3,1,0
asus,Asus VivoBook 15 X1500EA Intel Core i3 1115G4 8GB RAM 512GB SSD 15.6 Inch FHD WV Display Indie Black Laptop<br> Product Id: 33.01.006.1627,Intel Core i3,Intel,11th,8,512,True,False,0,62800,15.6,FHD WV,Indie Black,2,10,2,1,7,31,SSD,1,0,0,4,1,2,0
hp,HP ProBook 450 G8 Intel Core i3 1115G4 8GB RAM 256GB SSD 15.6 Inch HD Display Pike Silver Laptop#1A890AV<br> Product Id: 33.01.020.1498,Intel Core i3,Intel,11th,8,256,True,False,0,63000,15.6,HD,Pike Silver,7,10,2,1,8,52,SSD,1,0,0,4,1,2,0
msi,MSI Modern 14 C12MO Intel Core i3 1215U 16GB RAM 512GB SSD14 Inch FHD Display Classic Black Laptop<br> Product Id: 33.01.033.1273,Intel Core i3,Intel,12th,16,512,True,False,0,63000,14.0,FHD,Classic Black,12,10,2,2,3,15,SSD,1,0,0,4,1,5,0
msi,MSI Modern 14 C12MO Intel Core i3 1215U 16GB RAM 512GB SSD 14 Inch FHD Display Urban Silver Laptop<br> Product Id: 33.01.033.1274,Intel Core i3,Intel,12th,16,512,True,False,0,63000,14.0,FHD,Urban Silver,12,10,2,2,3,86,SSD,1,0,0,4,1,5,0
asus,"Asus VivoBook 15 X1502ZA Intel Core i3 1215U 8GB RAM, 512GB SSD 15.6 Inch FHD Display Quiet Blue Laptop<br> Product Id: 33.01.006.1805",Intel Core i3,Intel,12th,8,512,True,False,0,63500,15.6,FHD,Quiet Blue,2,10,2,2,3,61,SSD,1,0,0,4,1,2,0
asus,"Asus VivoBook S15 S513EA Intel Core i3 1115G4 8GB RAM, 512GB SSD 15.6 Inch FHD OLED Display Indie Black Laptop<br> Product Id: 33.01.006.1778",Intel Core i3,Intel,11th,8,512,True,False,0,63800,15.6,FHD OLED,Indie Black,2,10,2,1,5,31,SSD,1,0,0,4,1,2,0
lenovo,Lenovo IdeaPad Slim 3i 15IAU7 Intel Core i3 1215U 8GB RAM 512GB SSD 15.6 Inch FHD Display Abyss Blue Laptop<br> Product Id: 33.01.200.1112,Intel Core i3,Intel,12th,8,512,True,False,0,64000,15.6,FHD,Abyss Blue,10,10,2,2,3,0,SSD,1,0,0,4,1,3,0
acer,Acer TravelMate P214-53 Intel Core i5 1135G7 8GB RAM 1TB HDD 14 Inch FHD Display Black Laptop<br> Product Id: 33.01.002.923,Intel Core i5,Intel,11th,8,1024,False,True,0,65500,14.0,FHD,Black,0,11,2,1,3,9,HDD,0,0,0,4,3,1,0
asus,"Asus VivoBook 15 X1502ZA Intel Core i3 1215U 8GB RAM, 256GB SSD 15.6 Inch FHD Display Terra Cotta Laptop<br> Product Id: 33.01.006.1771",Intel Core i3,Intel,12th,8,256,True,False,0,66500,15.6,FHD,Terra Cotta,2,10,2,2,3,82,SSD,1,0,0,4,1,2,0
lenovo,"Lenovo IdeaPad Slim 3i 15IRU8 Intel Core i3 1305U 8GB RAM, 512GB SSD 15.6 Inch FHD Display Arctic Grey Laptop<br> Product Id: 33.01.200.1146",Intel Core i3,Intel,13th,8,512,True,False,0,68000,15.6,FHD,Arctic Grey,10,10,2,3,3,3,SSD,1,0,0,4,1,3,0
asus,Asus X515EA Intel Core i5 1135G7 4GB RAM 1TB HDD 15.6 Inch FHD Display Slate Grey Laptop<br> Product Id: 33.01.006.1522,Intel Core i5,Intel,11th,4,1024,False,True,0,68500,15.6,FHD,Slate Grey,2,11,2,1,3,68,HDD,0,0,0,4,3,1,0
hp,HP 240 G8 Intel Core i5 1135G7 8GB RAM 1TB HDD 14 Inch FHD Display Ash Laptop<br> Product Id: 33.01.020.1444,Intel Core i5,Intel,11th,8,1024,False,True,0,68500,14.0,FHD,Ash,7,11,2,1,3,4,HDD,0,0,0,4,3,1,0
asus,Asus X515EA Intel Core i5 1135G7 4GB RAM 1TB HDD 15.6 Inch FHD WV Display Peacock Blue Laptop<br> Product Id: 33.01.006.1563,Intel Core i5,Intel,11th,4,1024,False,True,0,68500,15.6,FHD WV,Peacock Blue,2,11,2,1,7,51,HDD,0,0,0,4,3,1,0
asus,Asus VivoBook S15 S513EA Intel Core i3 1115G4 4GB RAM 512GB SSD 15.6 Inch FHD OLED Display Indie Black Laptop<br> Product Id: 33.01.006.1629,Intel Core i3,Intel,11th,4,512,True,False,0,69000,15.6,FHD OLED,Indie Black,2,10,2,1,5,31,SSD,1,0,0,4,1,2,0
asus,Asus VivoBook 15 X1502ZA Intel Core i3 1220P 4GB RAM 512GB SSD 15.6 Inch FHD WV Display Quiet Blue Laptop<br> Product Id: 33.01.006.1649,Intel Core i3,Intel,12th,4,512,True,False,0,69800,15.6,FHD WV,Quiet Blue,2,10,2,2,7,61,SSD,1,0,0,4,1,2,0
asus,ASUS Vivobook 15 X1504VA Intel Core i3 1315U 8GB RAM 256GB SSD 15.6 Inch FHD Display Quiet Blue Laptop<br> Product Id: 33.01.006.1759,Intel Core i3,Intel,13th,8,256,True,False,0,70500,15.6,FHD,Quiet Blue,2,10,2,3,3,61,SSD,1,0,0,4,1,2,0
lenovo,Lenovo IdeaPad Slim 3i 14IRU8 Intel Core i3 1305U 8GB RAM 512GB SSD 14 Inch FHD IPS Display Arctic Grey Laptop<br> Product Id: 33.01.200.1113,Intel Core i3,Intel,13th,8,512,True,False,0,70500,14.0,FHD IPS,Arctic Grey,10,10,2,3,4,3,SSD,1,0,0,4,1,5,0
lenovo,Lenovo IdeaPad Slim 3 15ABR8 AMD Ryzen 5 7530U 8GB RAM 512GB SSD 15.6 Inch FHD Antiglare IPS Display Arctic Grey Laptop<br> Product Id: 33.01.200.1088,AMD Ryzen 5,AMD,Not Applicable,8,512,True,False,0,71000,15.6,FHD IPS,Arctic Grey,10,2,0,4,4,3,SSD,1,0,0,1,0,1,1
lenovo,Lenovo IdeaPad Slim 3 15ABR8 AMD Ryzen 5 7530U 8GB RAM 512GB SSD 15.6 Inch FHD Antiglare IPS Display Abyss Blue Laptop<br> Product Id: 33.01.200.1089,AMD Ryzen 5,AMD,Not Applicable,8,512,True,False,0,71000,15.6,FHD IPS,Abyss Blue,10,2,0,4,4,0,SSD,1,0,0,1,0,1,1
asus,Asus VivoBook 14 X1402ZA Intel Core i3 1220P 8GB RAM 512GB SSD 14 Inch FHD Display Terra Cotta Laptop<br> Product Id: 33.01.006.1743,Intel Core i3,Intel,12th,8,512,True,False,0,71500,14.0,FHD,Terra Cotta,2,10,2,2,3,82,SSD,1,0,0,4,1,4,0
asus,"Asus VivoBook 16 X1605ZA Intel Core i3 1215U 8GB RAM, 512GB SSD 16 Inch WUXGA Display Indie Black Laptop<br> Product Id: 33.01.006.1795",Intel Core i3,Intel,12th,8,512,True,False,0,72000,16.0,FHD WUXGA,Indie Black,2,10,2,2,6,31,SSD,1,0,0,4,1,2,0
msi,"MSI Modern 15 B7M AMD Ryzen 5 7530U 8GB RAM, 512GB SSD, 15.6 Inch FHD IPS Display Classic Black Laptop with MSI Backpack<br> Product Id: 33.01.033.1289",AMD Ryzen 5,AMD,Not Applicable,8,512,True,False,0,72500,15.6,FHD IPS,Classic Black,12,2,0,4,4,15,SSD,1,0,0,1,0,1,1
hp,HP 15s-eq3619AU AMD Ryzen 5 5625U 8GB RAM 512GB SSD 15.6 Inch FHD Display Spruce Blue Laptop<br> Product Id: 33.01.020.1492,AMD Ryzen 5,AMD,Not Applicable,8,512,True,False,0,73200,15.6,FHD,Spruce Blue,7,2,0,4,3,72,SSD,1,0,0,1,0,1,1
asus,Asus VivoBook 15 M1502IA AMD Ryzen 5 4600H 8GB RAM 512GB SSD 15.6 Inch FHD Display Quiet Blue Laptop<br> Product Id: 33.01.006.1753,AMD Ryzen 5,AMD,Not Applicable,8,512,True,False,0,74000,15.6,FHD,Quiet Blue,2,2,0,4,3,61,SSD,1,0,0,1,0,1,1
dell,Dell Latitude 15-3520 Intel Core i5 1135G7 8GB RAM 500GB SSD 15.6 Inch HD Display Black Laptop<br> Product Id: 33.01.013.1658,Intel Core i5,Intel,11th,8,500,True,False,0,74500,15.6,HD,Black,5,11,2,1,8,9,SSD,1,0,0,4,1,2,0
msi,"MSI Modern 15 B7M AMD Ryzen 5 7530U 16GB RAM, 512GB SSD, 15.6 Inch FHD IPS Display Classic Black Laptop with MSI Backpack<br> Product Id: 33.01.033.1290",AMD Ryzen 5,AMD,Not Applicable,16,512,True,False,0,75000,15.6,FHD IPS,Classic Black,12,2,0,4,4,15,SSD,1,0,0,1,0,1,1
lenovo,Lenovo IdeaPad Slim 3i 14IAU7 Core i5 1235U 8GB RAM 256GB SSD 14 Inch FHD Display Arctic Grey Laptop<br> Product Id: 33.01.200.1053,Intel Core i5,Intel,12th,8,256,True,False,0,75500,14.0,FHD,Arctic Grey,10,11,2,2,3,3,SSD,1,0,0,4,1,5,0
dell,Dell Latitude 15-3520 Intel Core i5 1145G7 8GB RAM 256GB SSD 15.6 Inch HD Display Black Laptop<br> Product Id: 33.01.013.1660,Intel Core i5,Intel,11th,8,256,True,False,0,76800,15.6,HD,Black,5,11,2,1,8,9,SSD,1,0,0,4,1,2,0
hp,"HP 240 G8 11th Gen Intel Core i5 1135G7 8GB RAM, 512GB SSD 14 Inch FHD Display Ash Silver Laptop<br> Product Id: 33.01.020.1525",Intel Core i5,Intel,11th,8,512,True,False,0,77000,14.0,FHD,Ash Silver,7,11,2,1,3,5,SSD,1,0,0,4,1,5,0
lenovo,Lenovo IdeaPad 3 15ALC6 Ryzen 7 5700U 16GB RAM 512GB SSD 15.6 Inch FHD IPS Display Arctic Grey Laptop<br> Product Id: 33.01.200.1100,AMD Ryzen 7,AMD,Not Applicable,16,512,True,False,0,78000,15.6,FHD IPS,Arctic Grey,10,3,0,4,4,3,SSD,1,0,0,1,0,1,1
dell,Dell Inspiron 15 3520 Intel Core i5 1235U 8GB RAM 512GB SSD 15.6 Inch FHD Display Platinum Silver Laptop#WARMLKN15ADL23051010PLASPP<br> Product Id: 33.01.013.1627,Intel Core i5,Intel,12th,8,512,True,False,0,78500,15.6,FHD,Platinum Silver,5,11,2,2,3,58,SSD,1,0,0,4,1,2,0
dell,Dell Inspiron 15 3520 Intel Core i5 1235U 8GB RAM 512GB SSD 15.6 Inch FHD Display Carbon Black Laptop<br> Product Id: 33.01.013.1628,Intel Core i5,Intel,12th,8,512,True,False,0,78500,15.6,FHD,Carbon Black,5,11,2,2,3,11,SSD,1,0,0,4,1,2,0
acer,"Acer TravelMate P214-54 Intel Core i5 1235U 8GB RAM, 512GB SSD 14 Inch FHD IPS Display Black Laptop<br> Product Id: 33.01.002.1014",Intel Core i5,Intel,12th,8,512,True,False,0,78500,14.0,FHD IPS,Black,0,11,2,2,4,9,SSD,1,0,0,4,1,4,0
asus,"Asus VivoBook 15 X1502ZA Intel Core i5 1235U 8GB RAM, 512GB SSD 15.6 Inch FHD Display Quiet Blue Laptop<br> Product Id: 33.01.006.1806",Intel Core i5,Intel,12th,8,512,True,False,0,79500,15.6,FHD,Quiet Blue,2,11,2,2,3,61,SSD,1,0,0,4,1,2,0
asus,"Asus VivoBook 14 M1405YA AMD Ryzen 5 7530U 8GBRAM, 512GB SSD 14 Inch WUXGA Display Indie Black Laptop<br> Product Id: 33.01.006.1794",AMD Ryzen 5,AMD,Not Applicable,8,512,True,False,0,80000,14.0,FHD WUXGA,Indie Black,2,2,0,4,6,31,SSD,1,0,0,1,0,1,1
lenovo,"Lenovo IdeaPad Slim 3i 15ITL6 Intel Core i7 1165G 8GB RAM, 512GB SSD 15.6 Inch FHD Display Arctic Grey Laptop (8GB RAM)<br> Product Id: 33.01.200.1160",Intel Core i7,Intel,11th,8,512,True,False,0,80500,15.6,FHD,Arctic Grey,10,12,2,1,3,3,SSD,1,0,0,4,1,3,0
asus,Asus VivoBook Go 15 E1504FA AMD Ryzen 5 7520U 16GB RAM 512GB SSD 15.6 Inch FHD Display Mixed Black Laptop<br> Product Id: 33.01.006.1745,AMD Ryzen 5,AMD,Not Applicable,16,512,True,False,0,81500,15.6,FHD,Mixed Black,2,2,0,4,3,43,SSD,1,0,0,1,0,1,1
asus,Asus VivoBook 15 X1502ZA Intel Core i5 1235U 8GB RAM 512GB SSD 15.6 Inch FHD Display Terra Cotta Laptop<br> Product Id: 33.01.006.1762,Intel Core i5,Intel,12th,8,512,True,False,0,81500,15.6,FHD,Terra Cotta,2,11,2,2,3,82,SSD,1,0,0,4,1,2,0
acer,Acer Aspire 7 A715-42G-R2NE AMD Ryzen 5 5500U 8GB RAM 512GB SSD 15.6 Inch FHD Display Charcoal Black Gaming Laptop<br> Product Id: 33.02.002.961,AMD Ryzen 5,AMD,Not Applicable,8,512,True,False,4,82500,15.6,FHD,Charcoal Black,0,2,0,4,3,14,SSD,1,1,0,1,0,7,4
hp,"HP 15-fd0204TU Intel Core i5 1335U 8GB RAM, 512GB SSD 15.6 Inch FHD Display Silver Laptop<br> Product Id: 33.01.020.1528",Intel Core i5,Intel,13th,8,512,True,False,0,82500,15.6,FHD,Silver,7,11,2,3,3,67,SSD,1,0,0,4,1,3,0
hp,HP 15-fd0205TU Intel Core i5 1335U 8GB RAM 512GB SSD 15.6 Inch FHD Display Moonlight Blue Laptop<br> Product Id: 33.01.020.1529,Intel Core i5,Intel,13th,8,512,True,False,0,82500,15.6,FHD,Moonlight Blue,7,11,2,3,3,44,SSD,1,0,0,4,1,3,0
hp,"HP 15-fd0202TU Intel Core i5 1335U 8GB RAM, 512GB SSD 15.6 Inch FHD Display Diamond White Laptop<br> Product Id: 33.01.020.1530",Intel Core i5,Intel,13th,8,512,True,False,0,82500,15.6,FHD,Diamond White,7,11,2,3,3,21,SSD,1,0,0,4,1,3,0
msi,"MSI Modern 14 C12MO Intel Core i5 1235U 16GB RAM, 512GB SSD 14 Inch FHD IPS Display Classic Black Laptop With Bag<br> Product Id: 33.01.033.1277",Intel Core i5,Intel,12th,16,512,True,False,0,82900,14.0,FHD IPS,Classic Black,12,11,2,2,4,15,SSD,1,0,0,4,1,5,0
msi,"MSI Modern 14 C12MO Intel Core i5 1235U 16GB RAM, 512GB SSD 14 Inch FHD IPS Display Urban Silver Laptop With Bag<br> Product Id: 33.01.033.1278",Intel Core i5,Intel,12th,16,512,True,False,0,82900,14.0,FHD IPS,Urban Silver,12,11,2,2,4,86,SSD,1,0,0,4,1,5,0
lenovo,Lenovo IdeaPad Slim 3 15ABR8 AMD Ryzen 7 7730U 8GB RAM 512GB SSD 15.6 Inch FHD Antiglare IPS Display Abyss Blue Laptop<br> Product Id: 33.01.200.1091,AMD Ryzen 7,AMD,Not Applicable,8,512,True,False,0,83000,15.6,FHD IPS,Abyss Blue,10,3,0,4,4,0,SSD,1,0,0,1,0,1,1
lenovo,Lenovo IdeaPad Slim 3i 15IAU7 Intel Core i5 1235U 8GB RAM 512GB SSD 15.6 Inch FHD Display Arctic Grey Laptop<br> Product Id: 33.01.200.1115,Intel Core i5,Intel,12th,8,512,True,False,0,83000,15.6,FHD,Arctic Grey,10,11,2,2,3,3,SSD,1,0,0,4,1,3,0
asus,Asus ExpertBook B1 B1400CEAE Intel Core i5 1135G7 4GB RAM 1TB HDD 14 Inch FHD Display Star Black Laptop<br> Product Id: 33.01.006.1682,Intel Core i5,Intel,11th,4,1024,False,True,0,83500,14.0,FHD,Star Black,2,11,2,1,3,73,HDD,0,0,0,4,3,1,0
msi,"MSI Modern 15 B12MO Intel Core i5 1235U 16GB DRAM, 512GB SSD 15.6 Inch FHD IPS Display Classic Black Laptop<br> Product Id: 33.01.033.1275",Intel Core i5,Intel,12th,16,512,True,False,0,83900,15.6,FHD IPS,Classic Black,12,11,2,2,4,15,SSD,1,0,0,4,1,3,0
dell,Dell Vostro 15 3510 Intel Core i5 1135G7 8GB RAM 512GB SSD 15.6 Inch FHD Display Black Laptop<br> Product Id: 33.01.013.1656,Intel Core i5,Intel,11th,8,512,True,False,2,84000,15.6,FHD,Black,5,11,2,1,3,9,SSD,1,0,0,4,1,2,0
acer,Acer Extensa 14 EX214-53-543W Intel Core i5 1240P 8GB RAM 512GB SSD 14 Inch FHD Display Pure Silver Laptop<br> Product Id: 33.01.002.991,Intel Core i5,Intel,12th,8,512,True,False,0,84000,14.0,FHD,Pure Silver,0,11,2,2,3,60,SSD,1,0,0,4,1,4,0
hp,"HP 15-fd0208TU Intel Core i5 1335U 8GB RAM, 512GB SSD 15.6 Inch FHD Display Silver Laptop<br> Product Id: 33.01.020.1531",Intel Core i5,Intel,13th,8,512,True,False,0,84000,15.6,FHD,Silver,7,11,2,3,3,67,SSD,1,0,0,4,1,3,0
hp,"HP 15-fd0210TU 13th Gen Intel Core i5 1335U 8GB RAM, 512GB SSD 15.6 Inch FHD Display Diamond White Laptop<br> Product Id: 33.01.020.1536",Intel Core i5,Intel,13th,8,512,True,False,0,84000,15.6,FHD,Diamond White,7,11,2,3,3,21,SSD,1,0,0,4,1,3,0
lenovo,Lenovo ThinkBook 15 G2 ITL Intel Core i5 1135G7 8GB RAM 512GB SSD 15.6 Inch FHD Display Mineral Grey Laptop<br> Product Id: 33.01.200.1039,Intel Core i5,Intel,11th,8,512,True,False,0,85000,15.6,FHD,Mineral Grey,10,11,2,1,3,41,SSD,1,0,0,4,1,3,0
msi,"MSI Modern 15 B7M AMD Ryzen 7 7730U 8GB RAM, 512GB SSD, 15.6 Inch FHD IPS Display Classic Black Laptop with MSI Backpack<br> Product Id: 33.01.033.1291",AMD Ryzen 7,AMD,Not Applicable,8,512,True,False,0,85500,15.6,FHD IPS,Classic Black,12,3,0,4,4,15,SSD,1,0,0,1,0,1,1
lenovo,"Lenovo IdeaPad Slim 3i 15IRH8 Intel Core i5 13420H 8GB RAM, 512GB SSD 15.6 Inch FHD Display Arctic Grey Laptop<br> Product Id: 33.01.200.1147",Intel Core i5,Intel,13th,8,512,True,False,0,87000,15.6,FHD,Arctic Grey,10,11,2,3,3,3,SSD,1,0,0,4,1,3,0
lenovo,"Lenovo IdeaPad Slim 3i 15IRH8 Intel Core i5 13420H 8GB RAM, 512GB SSD 15.6 Inch FHD Display Abyss Blue Laptop<br> Product Id: 33.01.200.1148",Intel Core i5,Intel,13th,8,512,True,False,0,87000,15.6,FHD,Abyss Blue,10,11,2,3,3,0,SSD,1,0,0,4,1,3,0
lenovo,"Lenovo IdeaPad Slim 3i 14IRH8 Intel Core i5 13420H 8GB RAM, 512GB SSD 14 Inch FHD Display Arctic Grey Laptop<br> Product Id: 33.01.200.1149",Intel Core i5,Intel,13th,8,512,True,False,0,87000,14.0,FHD,Arctic Grey,10,11,2,3,3,3,SSD,1,0,0,4,1,5,0
msi,"MSI Modern 15 B7M AMD Ryzen 7 16GB RAM, 512GB SSD, 15.6 Inch FHD IPS Display Classic Black Laptop with MSI Backpack<br> Product Id: 33.01.033.1292",AMD Ryzen 7,AMD,Not Applicable,16,512,True,False,0,87000,15.6,FHD IPS,Classic Black,12,3,0,4,4,15,SSD,1,0,0,1,0,1,1
lenovo,Lenovo IdeaPad Slim 3i 14ITL6 Intel Core i7 1165G7 8GB RAM 512GB SSD 14 Inch FHD Antiglare LED Display Abyss Blue Laptop<br> Product Id: 33.01.200.1054,Intel Core i7,Intel,11th,8,512,True,False,0,88000,14.0,FHD,Abyss Blue,10,12,2,1,3,0,SSD,1,0,0,4,1,5,0
lenovo,Lenovo IdeaPad Slim 3i 15ITL6 Intel Core i7 1165G7 8GB RAM 512GB SSD 15.6 Inch FHD Antiglare Display Arctic Grey Laptop (8GB RAM)<br> Product Id: 33.01.200.1086,Intel Core i7,Intel,11th,8,512,True,False,0,88000,15.6,FHD,Arctic Grey,10,12,2,1,3,3,SSD,1,0,0,4,1,3,0
asus,Asus VivoBook S15 S513EA Intel Core i5 1135G7 8GB RAM 512GB SSD 15.6 Inch FHD OLED Display Indie Black Laptop<br> Product Id: 33.01.006.1567,Intel Core i5,Intel,11th,8,512,True,False,0,89000,15.6,FHD OLED,Indie Black,2,11,2,1,5,31,SSD,1,0,0,4,1,2,0
microsoft,Microsoft Surface Go 3 (Wi-Fi) Intel Pentium Gold 6500Y 8GB RAM 128GB SSD 10.5 Inch PixelSense MultiTouch Display Platinum Surface Go (Type Cover is sold separately)<br> Product Id: 33.03.191.315,Intel Pentium,Intel,Not Applicable,8,128,True,False,0,89000,10.5,Pixelsense Multi Touch,Platinum,11,14,2,4,12,54,SSD,1,0,0,4,1,0,0
asus,Asus VivoBook 15 M1505YA AMD Ryzen 5 7530U 8GB RAM 512GB SSD 15.6 Inch FHD OLED Display Indie Black Laptop<br> Product Id: 33.01.006.1722,AMD Ryzen 5,AMD,Not Applicable,8,512,True,False,0,89000,15.6,FHD OLED,Indie Black,2,2,0,4,5,31,SSD,1,0,0,1,0,1,1
asus,ASUS Vivobook 15 X1504VA Intel Core i5 1335U 8GB RAM 512GB SSD 15.6 Inch FHD Display Quiet Blue Laptop<br> Product Id: 33.01.006.1760,Intel Core i5,Intel,13th,8,512,True,False,0,89500,15.6,FHD,Quiet Blue,2,11,2,3,3,61,SSD,1,0,0,4,1,2,0
asus,Asus VivoBook Flip 14 TM420UA AMD Ryzen 5 5500U 4GB RAM 512GB SSD 14 Inch FHD Touch Display Bespoke Black Laptop (Stylus Pen Included)<br> Product Id: 33.01.006.1724,AMD Ryzen 5,AMD,Not Applicable,4,512,True,False,0,89900,14.0,FHD,Bespoke Black,2,2,0,4,3,8,SSD,1,0,0,1,0,1,1
msi,MSI Modern 15 B12M Intel Core i7 1255U 16GB RAM 512GB SSD 15.6 Inch FHD Display Classic Black Laptop<br> Product Id: 33.01.033.1264,Intel Core i7,Intel,12th,16,512,True,False,0,89900,15.6,FHD,Classic Black,12,12,2,2,3,15,SSD,1,0,0,4,1,3,0
acer,"Acer Aspire 7 A715-76G Intel Core i5 12450H 8GB RAM 512GB SSD 15.6 Inch FHD Display, Charcoal Black Gaming Laptop<br> Product Id: 33.02.002.1018",Intel Core i5,Intel,12th,8,512,True,False,4,89900,15.6,FHD,Charcoal Black,0,11,2,2,3,14,SSD,1,1,0,3,2,0,2
msi,MSI Modern 14 C13M Intel Core i5 1335U 16GB RAM 512GB SSD14 Inch FHD Display Classic Black Laptop #C13M-650BD-CB51335U16GXXDX11EMH / C13M-1009BD-CB51335U16GXXDX11EMH<br> Product Id: 33.01.033.1260,Intel Core i5,Intel,13th,16,512,True,False,0,90900,14.0,FHD,Classic Black,12,11,2,3,3,15,SSD,1,0,0,4,1,5,0
asus,Asus ExpertBook B1 B1400CBA Intel Core i5 1235U 8GB RAM 512GB SSD 14 Inch FHD Display Star Black Laptop #EB0159<br> Product Id: 33.01.006.1686,Intel Core i5,Intel,12th,8,512,True,False,0,91000,14.0,FHD,Star Black,2,11,2,2,3,73,SSD,1,0,0,4,1,4,0
asus,"Asus VivoBook S15 S513EA Intel Core i5 1135G7 16GB RAM, 512GB SSD 15.6 Inch FHD OLED Display Hearty Gold Laptop<br> Product Id: 33.01.006.1779",Intel Core i5,Intel,11th,16,512,True,False,0,91000,15.6,FHD OLED,Hearty Gold,2,11,2,1,5,29,SSD,1,0,0,4,1,2,0
msi,MSI Modern 15 B13M Intel Core i5 1335U 16GB RAM 512GB SSD 15.6 Inch FHD Display Classic Black Laptop #B13M-478BD-CB51335U16GXXDX11EMH / B13M-811BD-CB51335U16GXXDX11EMH<br> Product Id: 33.01.033.1262,Intel Core i5,Intel,13th,16,512,True,False,0,91500,15.6,FHD,Classic Black,12,11,2,3,3,15,SSD,1,0,0,4,1,3,0
msi,MSI Modern 14 C12MO Intel Core i7 1255U 16GB RAM 512GB SSD 14 Inch FHD Display Classic Black Laptop<br> Product Id: 33.01.033.1271,Intel Core i7,Intel,12th,16,512,True,False,0,91500,14.0,FHD,Classic Black,12,12,2,2,3,15,SSD,1,0,0,4,1,5,0
asus,"Asus VivoBook 15X K3504ZA Intel Core i5 1235U 16GB RAM, 512GB SSD 15.6 Inch FHD WV Display Cool Silver Laptop #K3504ZA-BQ074W<br> Product Id: 33.01.006.1791",Intel Core i5,Intel,12th,16,512,True,False,0,91500,15.6,FHD WV,Cool Silver,2,11,2,2,7,18,SSD,1,0,0,4,1,2,0
msi,MSI Modern 15 B13M Intel Core i5 1335U 16GB RAM 512GB SSD 15.6 Inch FHD IPS Display Star Blue Laptop (Laptop Bag is given Separately)<br> Product Id: 33.01.033.1282,Intel Core i5,Intel,13th,16,512,True,False,0,91900,15.6,FHD IPS,Star Blue,12,11,2,3,4,74,SSD,1,0,0,4,1,3,0
asus,Asus ZenBook 14 UM425UA AMD Ryzen 5 5500U 8GB RAM 512GB SSD 14 Inch FHD WV Display Pine Grey Laptop<br> Product Id: 33.03.006.1603,AMD Ryzen 5,AMD,Not Applicable,8,512,True,False,0,93500,14.0,FHD WV,Pine Grey,2,2,0,4,7,53,SSD,1,0,0,1,0,1,1
hp,"HP ProBook 450 G10 Intel Core i5 1335U 8GB RAM, 512GB SSD 15.6 Inch FHD Display Silver Laptop<br> Product Id: 33.01.020.1533",Intel Core i5,Intel,13th,8,512,True,False,0,93500,15.6,FHD,Silver,7,11,2,3,3,67,SSD,1,0,0,4,1,3,0
hp,HP 250 G8 Intel Core i7 1165G7 8GB RAM 1TB HDD + 256GB SSD 15.6 Inch FHD Display Dark Ash Silver Laptop<br> Product Id: 33.01.020.1526,Intel Core i7,Intel,11th,8,1024,True,True,0,94000,15.6,FHD,Dark Ash Silver,7,12,2,1,3,19,SSD,1,0,0,4,1,3,0
msi,MSI GF63 Thin 12UCX Intel Core i5 12450H 8GB RAM 512GB SSD 15.6 Inch FHD IPS Display Black Gaming Laptop<br> Product Id: 33.02.033.1242,Intel Core i5,Intel,12th,8,512,True,False,4,94500,15.6,FHD IPS,Black,12,11,2,2,4,9,SSD,1,1,0,3,2,0,2
asus,Asus VivoBook 15 K513EQ Intel Core i5 1135G7 8GB RAM 512GB SSD 15.6 Inch FHD OLED Display Hearty Gold Laptop<br> Product Id: 33.01.006.1496,Intel Core i5,Intel,11th,8,512,True,False,2,95000,15.6,FHD OLED,Hearty Gold,2,11,2,1,5,29,SSD,1,0,0,4,1,2,0
asus,Asus VivoBook S15 S513EQ Intel Core i5 1135G7 8GB RAM 512GB SSD 15.6 Inch FHD OLED Display Hearty Gold Laptop<br> Product Id: 33.01.006.1537,Intel Core i5,Intel,11th,8,512,True,False,2,95000,15.6,FHD OLED,Hearty Gold,2,11,2,1,5,29,SSD,1,0,0,4,1,2,0
asus,Asus VivoBook S15 S513EQ Intel Core i5 1135G7 8GB RAM 512GB SSD 15.6 Inch FHD OLED Display Indie Black Laptop<br> Product Id: 33.01.006.1540,Intel Core i5,Intel,11th,8,512,True,False,2,95000,15.6,FHD OLED,Indie Black,2,11,2,1,5,31,SSD,1,0,0,4,1,2,0
asus,Asus VivoBook S15 S513EQ Intel Core i5 1135G7 8GB RAM 512GB SSD 15.6 Inch FHD OLED Display Gold Laptop<br> Product Id: 33.01.006.1559,Intel Core i5,Intel,11th,8,512,True,False,2,95000,15.6,FHD OLED,Gold,2,11,2,1,5,25,SSD,1,0,0,4,1,2,0
asus,Asus VivoBook 15 K513EQ Intel Core i5 1135G7 8GB RAM 512GB SSD 15.6 Inch FHD OLED Display Hearty Gold Laptop #L1667W-K513EQ<br> Product Id: 33.01.006.1662,Intel Core i5,Intel,11th,8,512,True,False,2,95000,15.6,FHD OLED,Hearty Gold,2,11,2,1,5,29,SSD,1,0,0,4,1,2,0
lenovo,"Lenovo IdeaPad Slim 5i 14IAH8 Intel Core i5 12450H 16G RAM, 512GB SSD 14 Inch FHD+ WUXGA IPS Display Cloud Grey Laptop<br> Product Id: 33.01.200.1123",Intel Core i5,Intel,12th,16,512,True,False,0,95000,14.0,FHD WUXGA,Cloud Grey,10,11,2,2,6,16,SSD,1,0,0,4,1,5,0
hp,"HP ProBook 440 G10 Intel Core i5 1335U 8GB RAM, 512GB SSD 14 Inch FHD IPS Display Silver Laptop<br> Product Id: 33.01.020.1532",Intel Core i5,Intel,13th,8,512,True,False,0,95500,14.0,FHD IPS,Silver,7,11,2,3,4,67,SSD,1,0,0,4,1,5,0
acer,Acer Aspire 7 A715-76G-57W7 Intel Core i5 12450H 8GB RAM 512GB SSD 15.6 Inch FHD Display Charcoal Black Gaming Laptop<br> Product Id: 33.02.002.1010,Intel Core i5,Intel,12th,8,512,True,False,4,95900,15.6,FHD,Charcoal Black,0,11,2,2,3,14,SSD,1,1,0,3,2,0,2
asus,Asus VivoBook 15 K513EQ Intel Core i5 1135G7 16GB RAM 512GB SSD 15.6 Inch FHD OLED Display Hearty Gold Laptop #K513EQ-L1667WN<br> Product Id: 33.01.006.1780,Intel Core i5,Intel,11th,16,512,True,False,2,97000,15.6,FHD OLED,Hearty Gold,2,11,2,1,5,29,SSD,1,0,0,4,1,2,0
asus,Asus VivoBook 15 K513EQ Intel Core i5 1135G7 16GB RAM 512GB SSD 15.6 Inch FHD OLED Display Indie Black Laptop<br> Product Id: 33.01.006.1781,Intel Core i5,Intel,11th,16,512,True,False,2,97000,15.6,FHD OLED,Indie Black,2,11,2,1,5,31,SSD,1,0,0,4,1,2,0
asus,Asus VivoBook S15 S513EQ Intel Core i5 1135G7 16GB DDR4 512GB SSD 15.6 Inch FHD OLED Display Indie Black Laptop<br> Product Id: 33.01.006.1783,Intel Core i5,Intel,Not Applicable,16,512,True,False,2,97000,15.6,FHD OLED,Indie Black,2,11,2,4,5,31,SSD,1,0,0,4,1,2,0
asus,"Asus VivoBook S15 S513EQ Intel Core i5 1135G7 16GB DDR4, 512GB SSD 15.6 Inch FHD OLED Display Hearty Gold Laptop<br> Product Id: 33.01.006.1784",Intel Core i5,Intel,11th,16,512,True,False,2,97000,15.6,FHD OLED,Hearty Gold,2,11,2,1,5,29,SSD,1,0,0,4,1,2,0
msi,"MSI GF63 Thin 11SC Intel Core i7 11800H 16GB RAM, 512GB SSD 15.6 Inch FHD Display Black Gaming Laptop with MSI Essential Backpack<br> Product Id: 33.02.033.1285",Intel Core i7,Intel,11th,16,512,True,False,4,97000,15.6,FHD,Black,12,12,2,1,3,9,SSD,1,1,0,3,2,0,2
acer,"Acer TravelMate P214-54 Intel Core i7 1255U 8GB RAM, 512GB SSD 14 Inch FHD IPS Display Black Laptop<br> Product Id: 33.01.002.1015",Intel Core i7,Intel,12th,8,512,True,False,0,98000,14.0,FHD IPS,Black,0,12,2,2,4,9,SSD,1,0,0,4,1,4,0
asus,Asus ExpertBook B3 Flip B3402FEA Intel Core i5 1135G7 8GB RAM 512GB SSD 14 Inch FHD Touch Display Star Black Laptop #LE1009 (Stylus Pen Included)<br> Product Id: 33.01.006.1691,Intel Core i5,Intel,11th,8,512,True,False,0,100000,14.0,FHD,Star Black,2,11,2,1,3,73,SSD,1,0,0,4,1,4,0
dell,Dell Inspiron 15 5510 Intel Core i7 11370H 8GB RAM 512GB SSD 15.6 Inch FHD Display Silver Laptop<br> Product Id: 33.01.013.1558,Intel Core i7,Intel,11th,8,512,True,False,0,101000,15.6,FHD,Silver,5,12,2,1,3,67,SSD,1,0,0,4,1,2,0
asus,Asus ExpertBook L2 Flip L2402FYA AMD Ryzen 5 5625U 8GB RAM 512GB SSD 14 Inch FHD Touch Display Star Black Laptop<br> Product Id: 33.01.006.1671,AMD Ryzen 5,AMD,Not Applicable,8,512,True,False,0,103000,14.0,FHD,Star Black,2,2,0,4,3,73,SSD,1,0,0,1,0,1,1
asus,"Asus VivoBook 15X K3504VA Intel Core i5 1335U 16GB RAM, 512GB SSD 15.6 Inch FHD WV Display Cool Silver Laptop<br> Product Id: 33.01.006.1793",Intel Core i5,Intel,13th,16,512,True,False,0,106500,15.6,FHD WV,Cool Silver,2,11,2,3,7,18,SSD,1,0,0,4,1,2,0
msi,"MSI Cyborg 15 A12UCX Intel Core i5 12450H 8GB RAM, 512GB SSD 15.6 Inch FHD Display Black Gaming Laptop with MSI Essential Backpack<br> Product Id: 33.02.033.1284",Intel Core i5,Intel,12th,8,512,True,False,4,107000,15.6,FHD,Black,12,11,2,2,3,9,SSD,1,1,0,3,2,0,2
asus,"Asus VivoBook 15X K3504ZA Intel Core i7 1255U 16GB RAM, 512GB SSD 15.6 Inch FHD WV Display Cool Silver Laptop #K3504ZA-BQ075W<br> Product Id: 33.01.006.1792",Intel Core i7,Intel,12th,16,512,True,False,0,107500,15.6,FHD WV,Cool Silver,2,12,2,2,7,18,SSD,1,0,0,4,1,2,0
asus,Asus VivoBook 16X OLED M1603QA AMD Ryzen 5 5600H 8GB RAM 512GB SSD 16 Inch 4K WQUXGA OLED Display Quiet Blue Laptop<br> Product Id: 33.01.006.1738,AMD Ryzen 5,AMD,Not Applicable,8,512,True,False,0,108000,16.0,4K WQUXGA OLED,Quiet Blue,2,2,0,4,2,61,SSD,1,0,0,1,0,1,1
lenovo,"Lenovo IdeaPad Slim 5 Light 14ABR8 AMD Ryzen 5 7530U 16GB RAM, 512GB SSD 14 Inch FHD IPS Anti-Glare Display Cloud Grey Laptop<br> Product Id: 33.01.200.1140",AMD Ryzen 5,AMD,Not Applicable,16,512,True,False,0,108000,14.0,FHD IPS,Cloud Grey,10,2,0,4,4,16,SSD,1,0,0,1,0,1,1
msi,MSI Commercial 14 H A13MG Intel Core i5 13420H 8GB RAM 1TB SSD 14 Inch FHD+ IPS Display Black Laptop with MSI Essential Backpack<br> Product Id: 33.01.033.1286,Intel Core i5,Intel,13th,8,1024,True,False,0,108000,14.0,FHD,Black,12,11,2,3,3,9,SSD,1,0,0,4,1,5,0
lenovo,"Lenovo IdeaPad Slim 5 Light 14ABR8 AMD Ryzen 7 7730U 16GB RAM, 512GB SSD 14 Inch FHD IPS Anti-Glare Display Cloud Grey Laptop<br> Product Id: 33.01.200.1139",AMD Ryzen 7,AMD,Not Applicable,16,512,True,False,0,111500,14.0,FHD IPS,Cloud Grey,10,3,0,4,4,16,SSD,1,0,0,1,0,1,1
apple,Apple MacBook Air Late 2020 Apple M1 Chip 8GB RAM 256GB SSD 13.3 Inch Retina Display Space Gray MacBook MacBook<br> Product Id: 33.03.005.197,Apple M1,Apple,Not Applicable,8,256,True,False,0,112000,13.3,Liquid Retina,Space Gray,1,5,1,4,9,71,SSD,1,0,0,2,4,6,1
apple,Apple MacBook Air Late 2020 Apple M1 Chip 8GB RAM 256GB SSD 13.3 Inch Retina Display Silver MacBook<br> Product Id: 33.03.005.198,Apple M1,Apple,Not Applicable,8,256,True,False,0,112000,13.3,Liquid Retina,Silver,1,5,1,4,9,67,SSD,1,0,0,2,4,6,1
apple,Apple MacBook Air Late 2020 Apple M1 Chip 8GB RAM 256GB SSD 13.3 Inch Retina Display Touch ID Gold MacBook<br> Product Id: 33.03.005.199,Apple M1,Apple,Not Applicable,8,256,True,False,0,112000,13.3,Liquid Retina,Gold,1,5,1,4,9,25,SSD,1,0,0,2,4,6,1
asus,Asus VivoBook 15 X513EP Intel Core i7 1165G7 8GB RAM 512GB SSD 15.6 Inch FHD WV Display Cobalt Blue Laptop<br> Product Id: 33.01.006.1665,Intel Core i7,Intel,11th,8,512,True,False,2,112000,15.6,FHD WV,Cobalt Blue,2,12,2,1,7,17,SSD,1,0,0,4,1,2,0
asus,Asus VivoBook 15 X513EP Intel Core i7 1165G7 8GB RAM 512GB SSD 15.6 Inch FHD WV Display Bespoke Black Laptop<br> Product Id: 33.01.006.1664,Intel Core i7,Intel,11th,8,512,True,False,2,112000,15.6,FHD WV,Bespoke Black,2,12,2,1,7,8,SSD,1,0,0,4,1,2,0
asus,Asus ExpertBook B5 Flip B5302FEA Intel Core i5 1135G7 8GB RAM 512GB SSD 13.3 Inch FHD OLED Touch Display Star Black Laptop (Stylus Pen Included)<br> Product Id: 33.01.006.1693,Intel Core i5,Intel,11th,8,512,True,False,0,113000,13.3,FHD OLED,Star Black,2,11,2,1,5,73,SSD,1,0,0,4,1,4,0
asus,Asus VivoBook Pro 15 K3500PA Intel Core i7 11370H 8GB RAM 512GB SSD 15.6 Inch FHD Display Quiet Blue Laptop<br> Product Id: 33.01.006.1415,Intel Core i7,Intel,11th,8,512,True,False,0,113500,15.6,FHD,Quiet Blue,2,12,2,1,3,61,SSD,1,0,0,4,1,2,0
msi,"MSI Cyborg 15 A13UC Intel Core i5 13420H 16GB RAM, 512GB SSD 15.6 Inch FHD Display Black Gaming Laptop with MSI Essential Backpack<br> Product Id: 33.02.033.1287",Intel Core i5,Intel,13th,16,512,True,False,4,113500,15.6,FHD,Black,12,11,2,3,3,9,SSD,1,1,0,3,2,0,2
asus,ASUS Vivobook 15 X1504VA Intel Core i7 1355U 16GB RAM 512GB SSD 15.6 Inch FHD Display Quiet Blue Laptop<br> Product Id: 33.01.006.1761,Intel Core i7,Intel,13th,16,512,True,False,0,114000,15.6,FHD,Quiet Blue,2,12,2,3,3,61,SSD,1,0,0,4,1,2,0
lenovo,Lenovo Yoga 6 13ABR8 AMD Ryzen 5 7530U 16GB RAM 512GB SSD 13.3 Inch FHD+ WUXGA IPS Touch Display Dark Teal Laptop<br> Product Id: 33.03.200.1150,AMD Ryzen 5,AMD,Not Applicable,16,512,True,False,0,114500,13.3,FHD WUXGA,Dark Teal,10,2,0,4,6,20,SSD,1,0,0,1,0,1,1
asus,Asus VivoBook S15 S513EQ Intel Core i7 1165G7 8GB RAM 512GB SSD 15.6 Inch FHD OLED Display Hearty Gold Laptop<br> Product Id: 33.01.006.1538,Intel Core i7,Intel,11th,8,512,True,False,2,115500,15.6,FHD OLED,Hearty Gold,2,12,2,1,5,29,SSD,1,0,0,4,1,2,0
asus,"Asus TUF Gaming F15 FX507ZC4 Intel Core i5 12500H 8GB RAM, 512GB SSD 15.6 Inch FHD Display Mecha Gray Gaming Laptop<br> Product Id: 33.02.006.1799",Intel Core i5,Intel,12th,8,512,True,False,4,115900,15.6,FHD,Mecha Gray,2,11,2,2,3,39,SSD,1,1,0,3,2,0,2
acer,Acer Nitro 5 AN515-58-59JP Intel Core i5 12450H 8GB RAM 512GB SSD 15.6 Inch FHD Display Obsidian Black Gaming Laptop<br> Product Id: 33.02.002.1033,Intel Core i5,Intel,12th,8,512,True,False,4,117000,15.6,FHD,Obsidian Black,0,11,2,2,3,48,SSD,1,1,0,3,2,0,2
lenovo,"Lenovo IdeaPad FLEX 5i 14IAU7 Intel Core i5 1235U 16GB RAM, 512GB SSD 14 Inch FHD+ WUXGA IPS Touch Display Storm Grey Laptop<br> Product Id: 33.03.200.1126",Intel Core i5,Intel,12th,16,512,True,False,0,118000,14.0,FHD WUXGA,Storm Grey,10,11,2,2,6,78,SSD,1,0,0,4,1,5,0
hp,"HP ProBook 440 G10 Intel Core i7 1355U 8GB RAM, 512GB SSD 14 Inch FHD Display Silver Laptop<br> Product Id: 33.01.020.1534",Intel Core i7,Intel,13th,8,512,True,False,0,118500,14.0,FHD,Silver,7,12,2,3,3,67,SSD,1,0,0,4,1,5,0
hp,"HP ProBook 450 G10 Intel Core i7 1355U 8GB RAM, 512GB SSD 15.6 Inch FHD IPS Display Silver Laptop<br> Product Id: 33.01.020.1535",Intel Core i7,Intel,13th,8,512,True,False,0,118500,15.6,FHD IPS,Silver,7,12,2,3,4,67,SSD,1,0,0,4,1,3,0
lenovo,"Lenovo IdeaPad Gaming 3 15ARH7 AMD Ryzen 5 7535HS 8GB RAM, 512GB SSD 15.6 Inch FHD Display Onyx Grey Gaming Laptop<br> Product Id: 33.02.200.1154",AMD Ryzen 5,AMD,Not Applicable,8,512,True,False,4,120500,15.6,FHD,Onyx Grey,10,2,0,4,3,49,SSD,1,1,0,1,0,7,4
lenovo,Lenovo IdeaPad Slim 5i Pro 16ITL-6 Intel Core i5 11300H 16GB DDR4 RAM 512GB SSD 16 Inch 2.5K WQXGA IPS Display Storm Grey Laptop<br> Product Id: 33.01.200.1004,Intel Core i5,Intel,11th,16,512,True,False,2,121000,16.0,2.5K QHD WQXGA,Storm Grey,10,11,2,1,0,78,SSD,1,0,0,4,1,3,0
gigabyte,Gigabyte Gaming G5 MF Intel Core i5 12500H 8GB RAM 512GB SSD 15.6 Inch FHD Display Matte Black Gaming Laptop<br> Product Id: 33.02.018.84,Intel Core i5,Intel,12th,8,512,True,False,6,124000,15.6,FHD,Matte Black,6,11,2,2,3,37,SSD,1,1,0,3,2,0,2
microsoft,"Microsoft Surface Laptop Go 3 Intel Core i5 1235U 8GB RAM, 256GB SSD 12.4 Inch PixelSense MultiTouch Display Sage Surface Go Laptop<br> Product Id: 33.03.191.391",Intel Core i5,Intel,12th,8,256,True,False,0,124000,12.4,Pixelsense Multi Touch,Sage,11,11,2,2,12,62,SSD,1,0,0,4,1,0,0
asus,"Asus VivoBook S 14 Flip TP3402VA Intel Core i5 1335U 16GB RAM, 512GB SSD 14 Inch WUXGA Touch Display Quiet Blue Laptop<br> Product Id: 33.01.006.1797",Intel Core i5,Intel,13th,16,512,True,False,0,124000,14.0,FHD WUXGA,Quiet Blue,2,11,2,3,6,61,SSD,1,0,0,4,1,4,0
lenovo,Lenovo Yoga 6 13ABR8 AMD Ryzen 7 7730U 16GB RAM 512GB SSD 13.3 Inch FHD+ WUXGA IPS Touch Display Dark Teal Laptop<br> Product Id: 33.03.200.1151,AMD Ryzen 7,AMD,Not Applicable,16,512,True,False,0,125500,13.3,FHD WUXGA,Dark Teal,10,3,0,4,6,20,SSD,1,0,0,1,0,1,1
lenovo,"Lenovo IdeaPad Pro 5 16ARP8 AMD Ryzen 5 7535HS 16GB RAM, 512GB SSD 16 Inch 2.5K QHD WQXGA Display Arctic Grey Laptop<br> Product Id: 33.01.200.1152",AMD Ryzen 5,AMD,Not Applicable,16,512,True,False,0,125500,16.0,2.5K QHD WQXGA,Arctic Grey,10,2,0,4,0,3,SSD,1,0,0,1,0,1,1
msi,MSI Cyborg 15 A12VE Intel Core i5 12450H 16GB RAM 512GB SSD 15.6 Inch FHD Display Black Gaming Laptop<br> Product Id: 33.02.033.1251,Intel Core i5,Intel,12th,16,512,True,False,6,129500,15.6,FHD,Black,12,11,2,2,3,9,SSD,1,1,0,3,2,0,2
asus,Asus TUF Gaming F15 FX506HE Intel Core i7 11800H 8GB RAM 512GB SSD 15.6 Inch FHD Display Graphite Black Gaming Laptop FX506HE-HN018W<br> Product Id: 33.02.006.1800,Intel Core i7,Intel,11th,8,512,True,False,4,129900,15.6,FHD,Graphite Black,2,12,2,1,3,27,SSD,1,1,0,3,2,0,2
asus,"Asus VivoBook 15X OLED K3504VA Intel Core i7 1360P 16GB RAM, 512GB SSD 15.6 Inch FHD OLED Display Indie Black Laptop<br> Product Id: 33.01.006.1770",Intel Core i7,Intel,13th,16,512,True,False,0,130500,15.6,FHD OLED,Indie Black,2,12,2,3,5,31,SSD,1,0,0,4,1,2,0
lenovo,"Lenovo IdeaPad Pro 5 16ARP8 AMD Ryzen 7 7735HS 16GB RAM, 512GB SSD 16 Inch 2.5K QHD WQXGA Display Arctic Grey Laptop<br> Product Id: 33.01.200.1153",AMD Ryzen 7,AMD,Not Applicable,16,512,True,False,0,130500,16.0,2.5K QHD WQXGA,Arctic Grey,10,3,0,4,0,3,SSD,1,0,0,1,0,1,1
asus,"Asus TUF Gaming F15 FX507ZC4 Intel Core i7 12700H 8GB RAM, 512GB SSD 15.6 Inch FHD Display Mecha Gray Gaming Laptop<br> Product Id: 33.02.006.1798",Intel Core i7,Intel,12th,8,512,True,False,4,131900,15.6,FHD,Mecha Gray,2,12,2,2,3,39,SSD,1,1,0,3,2,0,2
asus,Asus TUF Gaming F15 FX506HE Intel Core i5 11400H 8GB RAM 512GB SSD 15.6 Inch FHD Display Graphite Black Gaming Laptop<br> Product Id: 33.02.006.1592,Intel Core i5,Intel,11th,8,512,True,False,4,133500,15.6,FHD,Graphite Black,2,11,2,1,3,27,SSD,1,1,0,3,2,0,2
lenovo,Lenovo IdeaPad Gaming 3 15ARH7 AMD Ryzen 5 7535HS 8GB RAM 512GB SSD 15.6 Inch FHD Display Onyx Grey Gaming Laptop<br> Product Id: 33.02.200.1095,AMD Ryzen 5,AMD,Not Applicable,8,512,True,False,6,134000,15.6,FHD,Onyx Grey,10,2,0,4,3,49,SSD,1,1,0,1,0,7,4
gigabyte,Gigabyte Gaming G5 KF Intel Core i5 12500H 8GB RAM 512GB SSD 15.6 Inch FHD Display Matte Black Gaming Laptop<br> Product Id: 33.02.018.85,Intel Core i5,Intel,12th,8,512,True,False,8,135000,15.6,FHD,Matte Black,6,11,2,2,3,37,SSD,1,1,0,3,2,0,2
microsoft,Microsoft Surface Go 3 (Wi-Fi) Intel Core i3 10100Y 8GB RAM 128GB SSD 10.5 Inch PixelSense MultiTouch Display Black Surface Go (Type Cover is sold separately)<br> Product Id: 33.03.191.361,Intel Core i3,Intel,10th,8,128,True,False,0,138000,10.5,Pixelsense Multi Touch,Black,11,10,2,0,12,9,SSD,1,0,0,4,1,0,0
lenovo,Lenovo IdeaPad Gaming 3 15ARH7 AMD Ryzen 7 7735HS 16GB RAM 512GB SSD 15.6 Inch FHD Display Onyx Grey Gaming Laptop<br> Product Id: 33.02.200.1096,AMD Ryzen 7,AMD,Not Applicable,16,512,True,False,6,139000,15.6,FHD,Onyx Grey,10,3,0,4,3,49,SSD,1,1,0,1,0,7,4
asus,Asus VivoBook Pro 15 M3500QC AMD Ryzen 7 5800H 16GB RAM 512GB SSD 15.6 Inch FHD Display Quiet Blue Laptop<br> Product Id: 33.01.006.1514,AMD Ryzen 7,AMD,Not Applicable,16,512,True,False,4,139500,15.6,FHD,Quiet Blue,2,3,0,4,3,61,SSD,1,1,0,1,0,7,4
lenovo,"Lenovo IdeaPad Slim 5i 16IRL8 Intel Core i7 13700H 16GB RAM, 512GB SSD 16 Inch FHD+ WUXGA Display Cloud Grey Laptop<br> Product Id: 33.01.200.1124",Intel Core i7,Intel,13th,16,512,True,False,0,140000,16.0,FHD WUXGA,Cloud Grey,10,12,2,3,6,16,SSD,1,0,0,4,1,3,0
asus,Asus TUF Gaming A15 FA507RE AMD Ryzen 7 6800H 16GB RAM 512GB SSD 15.6 Inch FHD Display Mecha Gray (TUF) Gaming Laptop<br> Product Id: 33.02.006.1586,AMD Ryzen 7,AMD,Not Applicable,16,512,True,False,4,142900,15.6,FHD,Mecha Gray,2,3,0,4,3,39,SSD,1,1,0,1,0,7,4
asus,Asus TUF Gaming A15 FA507RE AMD Ryzen 7 6800H 16GB RAM 512GB SSD 15.6 Inch FHD Display Jaeger Gray (TUF) Gaming Laptop<br> Product Id: 33.02.006.1587,AMD Ryzen 7,AMD,Not Applicable,16,512,True,False,4,142900,15.6,FHD,Jaeger Gray,2,3,0,4,3,35,SSD,1,1,0,1,0,7,4
microsoft,Microsoft Surface Laptop 4 Intel Core i5 1135G7 16GB RAM 512GB SSD 13.5 Inch Pixelsense Multi Touch Display Ice Blue Alcantara Surface Laptop<br> Product Id: 33.03.191.339,Intel Core i5,Intel,11th,16,512,True,False,0,144000,13.5,Pixelsense Multi Touch,Ice Blue Alcantara,11,11,2,1,12,30,SSD,1,0,0,4,1,0,0
asus,Asus VivoBook Pro 15 M3500QC AMD Ryzen 7 5800H 16GB RAM 512GB SSD 15.6 Inch FHD OLED Display Quiet Blue Laptop #L1373W-M3500QC<br> Product Id: 33.01.006.1594,AMD Ryzen 7,AMD,Not Applicable,16,512,True,False,4,144500,15.6,FHD OLED,Quiet Blue,2,3,0,4,5,61,SSD,1,1,0,1,0,7,4
gigabyte,Gigabyte AORUS 15 9MF Intel Core i5 12500H 8GB RAM 512GB SSD 15.6 Inch FHD Display Matte Black Gaming Laptop<br> Product Id: 33.02.018.86,Intel Core i5,Intel,12th,8,512,True,False,6,146000,15.6,FHD,Matte Black,6,11,2,2,3,37,SSD,1,1,0,3,2,0,2
asus,Asus VivoBook 16X OLED K3605ZF Intel Core i5 12450H 16GB RAM 512GB SSD 16 Inch 3.2K OLED Display Indie Black Laptop<br> Product Id: 33.01.006.1754,Intel Core i5,Intel,12th,16,512,True,False,4,148000,16.0,OLED WQHD,Indie Black,2,11,2,2,11,31,SSD,1,1,0,3,2,0,2
lenovo,"Lenovo LOQ Gaming 15IRH8 Intel Core i5 13420H 16GB RAM, 512GB SSD 15.6 Inch FHD IPS Display Storm Grey Gaming Laptop<br> Product Id: 33.02.200.1133",Intel Core i5,Intel,13th,16,512,True,False,6,148000,15.6,FHD IPS,Storm Grey,10,11,2,3,4,78,SSD,1,1,0,3,2,0,2
apple,Apple MacBook Air (2022) Apple M2 Chip 8GB RAM 256GB SSD 13.6 Inch Liquid Retina Display Space Gray MacBook<br> Product Id: 33.03.005.239,Apple M2,Apple,Not Applicable,8,256,True,False,0,149000,13.6,Liquid Retina,Space Gray,1,6,1,4,9,71,SSD,1,0,0,2,4,6,1
microsoft,"Microsoft Surface Laptop 5 Intel Core i5 1235U 8GB RAM, 512GB SSD 13.5 Inch Pixelsense Multi Touch Display Matte Black Metal Surface Laptop #R1S-00026<br> Product Id: 33.03.191.385",Intel Core i5,Intel,12th,8,512,True,False,0,149000,13.5,Pixelsense Multi Touch,Matte Black Metal,11,11,2,2,12,38,SSD,1,0,0,4,1,0,0
lenovo,"Lenovo IdeaPad FLEX 5i 14IAU7 Intel Core i7 1255U 16GB RAM, 512GB SSD 14 Inch FHD+ WUXGA IPS Touch Display Storm Grey Laptop<br> Product Id: 33.03.200.1128",Intel Core i7,Intel,12th,16,512,True,False,0,150000,14.0,FHD WUXGA,Storm Grey,10,12,2,2,6,78,SSD,1,0,0,4,1,5,0
asus,Asus VivoBook Pro 15 M3500QC AMD Ryzen 9 5900HX 16GB RAM 512GB SSD 15.6 Inch FHD WV Display Quiet Blue Laptop<br> Product Id: 33.01.006.1608,AMD Ryzen 9,AMD,Not Applicable,16,512,True,False,4,154000,15.6,FHD WV,Quiet Blue,2,4,0,4,7,61,SSD,1,1,0,1,0,7,4
microsoft,Microsoft Surface Laptop 5 Intel Core i5 1235U 8GB RAM 512GB SSD 13.5 Inch Pixelsense Multi Touch Display Platinum Alcantara Surface Laptop<br> Product Id: 33.03.191.333,Intel Core i5,Intel,12th,8,512,True,False,0,154000,13.5,Pixelsense Multi Touch,Platinum Alcantara,11,11,2,2,12,55,SSD,1,0,0,4,1,0,0
asus,Asus TUF Gaming A15 FA506QM AMD Ryzen 7 5800H 16GB RAM 512GB SSD 15.6 Inch FHD Display Graphite Black (TUF) Gaming Laptop<br> Product Id: 33.02.006.1714,AMD Ryzen 7,AMD,Not Applicable,16,512,True,False,6,154000,15.6,FHD,Graphite Black,2,3,0,4,3,27,SSD,1,1,0,1,0,7,4
lenovo,Lenovo IdeaPad Slim 5i 15IAL7 Intel Core i7 1255U 16GB RAM 512GB SSD 15.6 Inch FHD IPS Antiglare Display Storm Grey Laptop<br> Product Id: 33.01.200.1076,Intel Core i7,Intel,12th,16,512,True,False,2,155000,15.6,FHD IPS,Storm Grey,10,12,2,2,4,78,SSD,1,0,0,4,1,3,0
acer,"Acer Predator Helios Neo 16 PHN16-71-59XW Intel Core i5 13500HX 16GBRAM, 512GB SSD 16 Inch WUXGA Display Obsidian Black Gaming Laptop<br> Product Id: 33.02.002.1022",Intel Core i5,Intel,13th,16,512,True,False,6,156000,16.0,FHD WUXGA,Obsidian Black,0,11,2,3,6,48,SSD,1,1,0,3,2,0,2
asus,Asus ZenBook 14X OLED UX5401EA Intel Core i7 1165G7 16GB RAM 512GB SSD 14 Inch 2.8K OLED WQHD Touch Display Pine Grey Laptop<br> Product Id: 33.03.006.1541,Intel Core i7,Intel,11th,16,512,True,False,0,157000,14.0,2.8K OLED WQHD Touch,Pine Grey,2,12,2,1,1,53,SSD,1,0,0,4,1,4,0
msi,MSI Katana 15 B13VEK Intel Core i7 13620H 16GB RAM 1TB SSD 15.6 Inch FHD Display Black Gaming Laptop<br> Product Id: 33.02.033.1237,Intel Core i7,Intel,13th,16,1024,True,False,6,157500,15.6,FHD,Black,12,12,2,3,3,9,SSD,1,1,0,3,2,0,2
asus,Asus TUF Dash F15 FX517ZE Intel Core i5 12450H 16GB RAM 512GB SSD 15.6 Inch FHD Display OFF-Black Gaming Laptop<br> Product Id: 33.02.006.1709,Intel Core i5,Intel,12th,16,512,True,False,4,159000,15.6,FHD,OFF-Black,2,11,2,2,3,46,SSD,1,1,0,3,2,0,2
lenovo,Lenovo IdeaPad Gaming 3 15ARH7 AMD Ryzen 7 7735HS 16GB RAM 512GB SSD 15.6 Inch FHD Display Onyx Grey Gaming Laptop #82SB00PKIN-2Y<br> Product Id: 33.02.200.1094,AMD Ryzen 7,AMD,Not Applicable,16,512,True,False,6,159000,15.6,FHD,Onyx Grey,10,3,0,4,3,49,SSD,1,1,0,1,0,7,4
asus,Asus Zenbook 14 Flip OLED UP3404VA Intel Core i5 1340P 16GB RAM 512GB SSD 14 Inch 2.8K OLED WQHD Touch Display Foggy Silver Laptop<br> Product Id: 33.03.006.1758,Intel Core i5,Intel,13th,16,512,True,False,0,159000,14.0,2.8K OLED WQHD Touch,Foggy Silver,2,11,2,3,1,24,SSD,1,0,0,4,1,4,0
lenovo,"Lenovo IdeaPad FLEX 5i 14IRU8 Intel Core i7 1355U 16GB RAM, 512GB SSD 14 Inch FHD+ WUXGA IPS Touch Display Arctic Grey Laptop<br> Product Id: 33.03.200.1129",Intel Core i7,Intel,13th,16,512,True,False,0,160000,14.0,FHD WUXGA,Arctic Grey,10,12,2,3,6,3,SSD,1,0,0,4,1,5,0
asus,Asus TUF Gaming A15 FA507RM AMD Ryzen 7 6800H 16GB RAM 512GB SSD 15.6 Inch FHD Display Jaeger Gray (TUF) Gaming Laptop<br> Product Id: 33.02.006.1716,AMD Ryzen 7,AMD,Not Applicable,16,512,True,False,6,162900,15.6,FHD,Jaeger Gray,2,3,0,4,3,35,SSD,1,1,0,1,0,7,4
apple,Apple MacBook Pro (2022) Apple M2 Chip 8GB RAM 256GB SSD 13.3 Inch Retina Display Space Gray Laptop<br> Product Id: 33.03.005.247,Apple M2,Apple,Not Applicable,8,256,True,False,0,163000,13.3,Liquid Retina,Space Gray,1,6,1,4,9,71,SSD,1,0,0,2,4,6,1
apple,Apple MacBook Pro (2022) Apple M2 Chip 8GB RAM 256GB SSD 13.3 Inch Retina Display Silver Laptop<br> Product Id: 33.03.005.248,Apple M2,Apple,Not Applicable,8,256,True,False,0,163000,13.3,Liquid Retina,Silver,1,6,1,4,9,67,SSD,1,0,0,2,4,6,1
lenovo,Lenovo IdeaPad Gaming 3i 16IAH7 Intel Core i7 12650H 16GB RAM 512GB SSD 16 Inch FHD+ WUXGA Display Onyx Grey Gaming Laptop<br> Product Id: 33.02.200.1078,Intel Core i7,Intel,12th,16,512,True,False,4,165000,16.0,FHD WUXGA,Onyx Grey,10,12,2,2,6,49,SSD,1,1,0,3,2,0,2
lenovo,Lenovo Yoga Slim 6i 14IRH8 Intel Core i7 13700H 16GB RAM 512GB SSD 14 Inch FHD+ WUXGA OLED Display Storm Grey Laptop<br> Product Id: 33.03.200.1130,Intel Core i7,Intel,13th,16,512,True,False,0,165000,14.0,FHD WUXGA,Storm Grey,10,12,2,3,6,78,SSD,1,0,0,4,1,5,0
msi,"MSI Katana 15 B13VFK Intel Core i7 13620H 16GB RAM, 1TB SSD 15.6 Inch FHD Display Black Gaming Laptop with MSI Essential Backpack<br> Product Id: 33.02.033.1288",Intel Core i7,Intel,13th,16,1024,True,False,8,167500,15.6,FHD,Black,12,12,2,3,3,9,SSD,1,1,0,3,2,0,2
microsoft,Microsoft Surface Laptop 5 Intel Core i5 1245U 16GB RAM 512GB SSD 13.5 Inch Pixelsense Multi Touch Display Matte Black Metal Surface Laptop<br> Product Id: 33.03.191.393,Intel Core i5,Intel,12th,16,512,True,False,0,168000,13.5,Pixelsense Multi Touch,Matte Black Metal,11,11,2,2,12,38,SSD,1,0,0,4,1,0,0
apple,Apple MacBook Air (2023) Apple M2 Chip 8GB RAM 256GB SSD 15.3 Inch Liquid Retina Display Silver MacBook<br> Product Id: 33.03.005.298,Apple M2,Apple,Not Applicable,8,256,True,False,0,169000,15.3,Liquid Retina,Silver,1,6,1,4,9,67,SSD,1,0,0,2,4,8,1
apple,Apple MacBook Air (2023) Apple M2 Chip 8GB RAM 256GB SSD 15.3 Inch Liquid Retina Display Midnight MacBook<br> Product Id: 33.03.005.299,Apple M2,Apple,Not Applicable,8,256,True,False,0,169000,15.3,Liquid Retina,Midnight,1,6,1,4,9,40,SSD,1,0,0,2,4,8,1
apple,Apple MacBook Air (2023) Apple M2 Chip 8GB RAM 256GB SSD 15.3 Inch Liquid Retina Display Starlight MacBook<br> Product Id: 33.03.005.300,Apple M2,Apple,Not Applicable,8,256,True,False,0,169000,15.3,Liquid Retina,Starlight,1,6,1,4,9,76,SSD,1,0,0,2,4,8,1
asus,Asus VivoBook Pro 16X M7600QE AMD Ryzen 7 5800H 16GB RAM 512GB SSD 16 Inch 4K WQUXGA OLED Display 0 Degree Black Laptop<br> Product Id: 33.01.006.1462,AMD Ryzen 7,AMD,Not Applicable,16,512,True,False,4,174000,16.0,4K WQUXGA OLED,Zero Degree Black,2,3,0,4,2,87,SSD,1,1,0,1,0,7,4
asus,Asus ZenBook Duo UX482EA Intel Core i7 1165G7 16GB RAM 512GB SSD 14 Inch FHD Touch Display Celestial Blue Laptop<br> Product Id: 33.03.006.1580,Intel Core i7,Intel,11th,16,512,True,False,0,174000,14.0,FHD,Celestial Blue,2,12,2,1,3,13,SSD,1,0,0,4,1,4,0
lenovo,"Lenovo IdeaPad Pro 5i 16IRH8 Intel Core i7 13700H 16GB RAM, 512GB SSD 16 Inch 2.5K QHD WQXGA IPS Display Arctic Grey Laptop<br> Product Id: 33.01.200.1125",Intel Core i7,Intel,13th,16,512,True,False,6,175000,16.0,2.5K QHD WQXGA,Arctic Grey,10,12,2,3,0,3,SSD,1,1,0,3,2,0,2
lenovo,Lenovo Yoga Pro 7i 14IRH8 Intel Core i7 13700H 16GB RAM 512GB SSD 14.5 Inch 2.5K QHD WQXGA IPS Display Tidal Teal Laptop<br> Product Id: 33.03.200.1131,Intel Core i7,Intel,13th,16,512,True,False,0,175000,14.5,2.5K QHD WQXGA,Tidal Teal,10,12,2,3,0,83,SSD,1,0,0,4,1,5,0
acer,Acer Predator Helios Neo 16 PHN16-71-757P Intel Core i7 13700HX 16GB RAM 1TB SSD 16 Inch FHD+ WUXGA Display Obsidian Black Gaming Laptop<br> Product Id: 33.02.002.1032,Intel Core i7,Intel,13th,16,1024,True,False,6,176500,16.0,FHD WUXGA,Obsidian Black,0,12,2,3,6,48,SSD,1,1,0,3,2,0,2
microsoft,"Microsoft Surface Laptop 5 Intel Core i7 1255U 8GB RAM, 512GB SSD 15 Inch Pixelsense Multi Touch Display Platinum Metal Surface Laptop<br> Product Id: 33.03.191.378",Intel Core i7,Intel,12th,8,512,True,False,0,178000,15.0,Pixelsense Multi Touch,Platinum Metal,11,12,2,2,12,57,SSD,1,0,0,4,1,0,0
asus,Asus TUF Gaming A15 FA507XV AMD Ryzen 9 7940HS 8GB RAM 512GB SSD 15.6 Inch 2K WQHD Display Jaeger Gray Gaming Laptop<br> Product Id: 33.02.006.1787,AMD Ryzen 9,AMD,Not Applicable,8,512,True,False,8,179900,15.6,OLED WQHD,Jaeger Gray,2,4,0,4,11,35,SSD,1,1,0,1,0,7,4
lenovo,"Lenovo LOQ Gaming 15IRH8 Intel Core i7 13620H 16GB RAM, 512GB SSD 15.6 Inch FHD IPS Display Storm Grey Gaming Laptop<br> Product Id: 33.02.200.1134",Intel Core i7,Intel,13th,16,512,True,False,6,180000,15.6,FHD IPS,Storm Grey,10,12,2,3,4,78,SSD,1,1,0,3,2,0,2
apple,Apple MacBook Pro (2022) Apple M2 Chip 8GB RAM 512GB SSD 13.3 Inch Retina Display Space Gray Laptop #MNEJ3LL/A / MNEJ3ZP/A<br> Product Id: 33.03.005.249,Apple M2,Apple,Not Applicable,8,512,True,False,0,182000,13.3,Liquid Retina,Space Gray,1,6,1,4,9,71,SSD,1,0,0,2,4,6,1
hp,HP Envy 15-ep1890TX Intel Core i7 11800H 16GB RAM 1TB SSD 15.6 Inch FHD Touch Display Silver Laptop<br> Product Id: 33.03.020.1431,Intel Core i7,Intel,11th,16,1024,True,False,4,185000,15.6,FHD,Silver,7,12,2,1,3,67,SSD,1,1,0,3,2,0,2
apple,Apple MacBook Air (2022) Apple M2 Chip 8GB RAM 512GB SSD 13.6 Inch Liquid Retina Display Space Gray MacBook #MLXX3LL/A / MLXX3ZP/A<br> Product Id: 33.03.005.243,Apple M2,Apple,Not Applicable,8,512,True,False,0,185000,13.6,Liquid Retina,Space Gray,1,6,1,4,9,71,SSD,1,0,0,2,4,6,1
apple,Apple MacBook Air (2022) Apple M2 Chip 8GB RAM 512GB SSD 13.6 Inch Liquid Retina Display Midnight MacBook #MLY43LL/A / MLY43ZP/A<br> Product Id: 33.03.005.246,Apple M2,Apple,Not Applicable,8,512,True,False,0,185000,13.6,Liquid Retina,Midnight,1,6,1,4,9,40,SSD,1,0,0,2,4,6,1
asus,Asus ZenBook Duo UX482EG Intel Core i7 1165G7 16GB RAM 512GB SSD 14 Inch FHD WV Touch Display Celestial Blue Laptop<br> Product Id: 33.03.006.1581,Intel Core i7,Intel,11th,16,512,True,False,2,185500,14.0,FHD WV,Celestial Blue,2,12,2,1,7,13,SSD,1,0,0,4,1,4,0
asus,Asus ROG Strix G17 G713RM AMD Ryzen 7 6800H 16GB RAM 512GB SSD 17.3 Inch FHD Display Eclipse Gray Gaming Laptop<br> Product Id: 33.02.006.1613,AMD Ryzen 7,AMD,Not Applicable,16,512,True,False,6,185900,17.3,FHD,Eclipse Gray,2,3,0,4,3,22,SSD,1,1,0,1,0,7,4
asus,Asus TUF Dash F15 FX517ZM Intel Core i5 12450H 16GB RAM 512GB SSD 15.6 Inch FHD Display OFF-Black Gaming Laptop<br> Product Id: 33.02.006.1712,Intel Core i5,Intel,12th,16,512,True,False,6,186000,15.6,FHD,OFF-Black,2,11,2,2,3,46,SSD,1,1,0,3,2,0,2
lenovo,"Lenovo Yoga Pro 7 14ARP8 AMD Ryzen 7 7735HS 16GB RAM, 512GB SSD 14.5 Inch 3K Display Tidal Teal Laptop<br> Product Id: 33.03.200.1155",AMD Ryzen 7,AMD,Not Applicable,16,512,True,False,6,187000,14.5,FHD IPS,Tidal Teal,10,3,0,4,4,83,SSD,1,1,0,1,0,7,4
apple,Apple MacBook Air (2022) Apple M2 Chip 16GB RAM 256GB SSD 13.6 Inch Liquid Retina Display Starlight MacBook<br> Product Id: 33.03.005.267,Apple M2,Apple,Not Applicable,16,256,True,False,0,187500,13.6,Liquid Retina,Starlight,1,6,1,4,9,76,SSD,1,0,0,2,4,6,1
asus,Asus ZenBook S 13 OLED UX5304VA Intel Core i7 1355U 16GB RAM 1TB SSD 13.3 Inch 2.8K OLED WQHD Display Ponder Blue Laptop<br> Product Id: 33.03.006.1757,Intel Core i7,Intel,13th,16,1024,True,False,0,189900,13.3,OLED WQHD,Ponder Blue,2,12,2,3,11,59,SSD,1,0,0,2,4,6,1
lenovo,Lenovo LOQ Gaming 15IRH8 Intel Core i7 13620H 16GB RAM 512GB SSD 15.6 Inch FHD Display torm Grey Gaming Laptop<br> Product Id: 33.02.200.1135,Intel Core i7,Intel,13th,16,512,True,False,8,190000,15.6,FHD,torm Grey,10,12,2,3,3,88,SSD,1,1,0,3,2,0,2
asus,"Asus Zenbook 14 Flip OLED UP3404VA Intel Core i7 1360P 16GB RAM, 512GB SSD 14 Inch 2.8K OLED WQHD Touch Display Foggy Silver Laptop<br> Product Id: 33.03.006.1768",Intel Core i7,Intel,13th,16,512,True,False,0,195000,14.0,2.8K OLED WQHD Touch,Foggy Silver,2,12,2,3,1,24,SSD,1,0,0,4,1,4,0
microsoft,Microsoft Surface Laptop 5 Intel Core i7 1255U 16GB RAM 512GB SSD 13.5 Inch Pixelsense Multi Touch Display Platinum Metal Surface Laptop<br> Product Id: 33.03.191.349,Intel Core i7,Intel,12th,16,512,True,False,0,198000,13.5,Pixelsense Multi Touch,Platinum Metal,11,12,2,2,12,57,SSD,1,0,0,4,1,0,0
microsoft,Microsoft Surface Laptop 5 Intel Core i7 1255U 16GB RAM 512GB SSD 13.5 Inch Pixelsense Multi Touch Display Sandstone Metal Surface Laptop<br> Product Id: 33.03.191.363,Intel Core i7,Intel,12th,16,512,True,False,0,198000,13.5,Pixelsense Multi Touch,Sandstone Metal,11,12,2,2,12,64,SSD,1,0,0,4,1,0,0
asus,Asus ZenBook S 13 OLED UX5304VA Intel Core i7 1355U 16GB RAM 1TB SSD 13.3 Inch 3K OLED WQHD Display Basalt Grey Laptop<br> Product Id: 33.03.006.1733,Intel Core i7,Intel,13th,16,1024,True,False,0,199990,13.3,OLED WQHD,Basalt Grey,2,12,2,3,11,7,SSD,1,0,0,2,4,6,1
apple,Apple MacBook Air (2023) Apple M2 Chip 8GB RAM 512GB SSD 15.3 Inch Liquid Retina Display Space Gray MacBook<br> Product Id: 33.03.005.301,Apple M2,Apple,Not Applicable,8,512,True,False,0,205000,15.3,Liquid Retina,Space Gray,1,6,1,4,9,71,SSD,1,0,0,2,4,8,1
apple,Apple MacBook Air (2023) Apple M2 Chip 8GB RAM 512GB SSD 15.3 Inch Liquid Retina Display Silver MacBook<br> Product Id: 33.03.005.302,Apple M2,Apple,Not Applicable,8,512,True,False,0,205000,15.3,Liquid Retina,Silver,1,6,1,4,9,67,SSD,1,0,0,2,4,8,1
apple,"Apple MacBook Air (2023) Apple M2 Chip 8GB RAM 512GB SSD 15.3 Inch Liquid Retina Display Midnight MacBook #MQKX3LL/A, MQKX3ZP/A, MQKX3PA/A<br> Product Id: 33.03.005.303",Apple M2,Apple,Not Applicable,8,512,True,False,0,205000,15.3,Liquid Retina,Midnight,1,6,1,4,9,40,SSD,1,0,0,2,4,8,1
lenovo,"Lenovo Legion Slim 5 16APH8 AMD Ryzen 7 7840HS 16GB RAM, 512GB SSD 16 Inch 2.5K QHD WQXGA Display Storm Grey Gaming Laptop<br> Product Id: 33.02.200.1156",AMD Ryzen 7,AMD,Not Applicable,16,512,True,False,8,212000,16.0,2.5K QHD WQXGA,Storm Grey,10,3,0,4,0,78,SSD,1,1,0,1,0,7,2
microsoft,Microsoft Surface Laptop 4 Intel Core i7 1185G7 32GB RAM 1TB SSD 13.5 Inch Pixelsense Multi Touch Display Matte Black Metal Surface Laptop #5GB-00021<br> Product Id: 33.03.191.311,Intel Core i7,Intel,11th,32,1024,True,False,0,215000,13.5,Pixelsense Multi Touch,Matte Black Metal,11,12,2,1,12,38,SSD,1,0,0,4,1,0,0
acer,Acer Predator Helios 16 PH16-71-70L4 Intel Core i7 13700HX 16GB RAM 1TB SSD 16 Inch 2.5K QHD+ WQXGA Display Abyssal Black Gaming Laptop<br> Product Id: 33.02.002.1012,Intel Core i7,Intel,13th,16,1024,True,False,8,215000,16.0,2.5K QHD WQXGA,Abyssal Black,0,12,2,3,0,1,SSD,1,1,0,3,2,0,2
apple,"Apple MacBook Pro (Late 2023) Apple M3 8GB RAM, 512GB SSD 14.2 Inch Liquid Retina XDR Display Silver Laptop<br> Product Id: 33.03.005.331",Apple M3,Apple,Not Applicable,8,512,True,False,0,228000,14.2,Liquid Retina XDR,Silver,1,7,1,4,10,67,SSD,1,0,0,2,4,6,1
apple,"Apple MacBook Pro (Late 2023) Apple M3 8GB RAM, 512GB SSD 14.2 Inch Liquid Retina XDR Display Space Gray Laptop<br> Product Id: 33.03.005.332",Apple M3,Apple,Not Applicable,8,512,True,False,0,228000,14.2,Liquid Retina XDR,Space Gray,1,7,1,4,10,71,SSD,1,0,0,2,4,6,1
lenovo,Lenovo Legion 5i 15IAH7H Intel Core i7 12700H 16GB RAM 1TB SSD 15.6 Inch FHD Display Storm Grey Gaming Laptop<br> Product Id: 33.02.200.1080,Intel Core i7,Intel,12th,16,1024,True,False,6,248000,15.6,FHD,Storm Grey,10,12,2,2,3,78,SSD,1,1,1,3,2,0,2
lenovo,Lenovo Legion 5i Pro 16IAH7H Intel Core i7 12700H 16GB RAM 1TB SSD 16 Inch 2.5K QHD WQXGA Display Storm Grey Gaming Laptop<br> Product Id: 33.02.200.1081,Intel Core i7,Intel,12th,16,1024,True,False,6,255000,16.0,2.5K QHD WQXGA,Storm Grey,10,12,2,2,0,78,SSD,1,1,1,3,2,0,2
lenovo,Lenovo Legion Slim 7i 16IAH7 Intel Core i7 12700H 16GB RAM 1TB SSD 16 Inch 2.5K QHD WQXGA Display Onyx Grey Gaming Laptop<br> Product Id: 33.02.200.1083,Intel Core i7,Intel,12th,16,1024,True,False,6,255000,16.0,2.5K QHD WQXGA,Onyx Grey,10,12,2,2,0,49,SSD,1,1,1,3,2,0,2
lenovo,Lenovo Legion Slim 7i 16IAH7 Intel Core i7 12700H 16GB RAM 1TB SSD 16 Inch 2.5K QHD WQXGA Display Onyx Grey Gaming Laptop #82TF005UIN-2Y<br> Product Id: 33.02.200.1082,Intel Core i7,Intel,12th,16,1024,True,False,8,259000,16.0,2.5K QHD WQXGA,Onyx Grey,10,12,2,2,0,49,SSD,1,1,1,3,2,0,2
apple,Apple MacBook Air (2022) Apple M2 Chip 24GB RAM 512GB SSD 13.6 Inch Liquid Retina Display Midnight MacBook<br> Product Id: 33.03.005.274,Apple M2,Apple,Not Applicable,24,512,True,False,0,265000,13.6,Liquid Retina,Midnight,1,6,1,4,9,40,SSD,1,0,1,2,4,6,1
apple,Apple MacBook Air (2023) Apple M2 Chip 16GB RAM 512GB SSD 15.3 Inch Liquid Retina Display Midnight MacBook<br> Product Id: 33.03.005.307,Apple M2,Apple,Not Applicable,16,512,True,False,0,265000,15.3,Liquid Retina,Midnight,1,6,1,4,9,40,SSD,1,0,1,2,4,8,1
apple,Apple MacBook Air (2023) Apple M2 Chip 16GB RAM 512GB SSD 15.3 Inch Liquid Retina Display Space Gray MacBook #Z18L000PR<br> Product Id: 33.03.005.308,Apple M2,Apple,Not Applicable,16,512,True,False,0,265000,15.3,Liquid Retina,Space Gray,1,6,1,4,9,71,SSD,1,0,1,2,4,8,1
apple,Apple MacBook Air (2022) Apple M2 Chip 24GB RAM 1TB SSD 13.6 Inch Liquid Retina Display Midnight MacBook<br> Product Id: 33.03.005.311,Apple M2,Apple,Not Applicable,24,1024,True,False,0,265000,13.6,Liquid Retina,Midnight,1,6,1,4,9,40,SSD,1,0,1,2,4,6,1
lenovo,"Lenovo Yoga 9i 14IRP8 Intel Core i7 1360P 16GB RAM, 1TB SSD 14 Inch 2.8K OLED WQHD Touch Display Oatmeal Laptop<br> Product Id: 33.03.200.1132",Intel Core i7,Intel,13th,16,1024,True,False,0,268000,14.0,2.8K OLED WQHD Touch,Oatmeal,10,12,2,3,1,47,SSD,1,0,1,4,1,5,0
apple,"Apple MacBook Pro (Late 2023) Apple M3 8GB RAM, 1TB SSD 14.2 Inch Liquid Retina XDR Display Space Gray Laptop<br> Product Id: 33.03.005.333",Apple M3,Apple,Not Applicable,8,1024,True,False,0,270000,14.2,Liquid Retina XDR,Space Gray,1,7,1,4,10,71,SSD,1,0,1,2,4,6,1
apple,"Apple MacBook Pro (Late 2023) Apple M3 8GB RAM, 1TB SSD 14.2 Inch Liquid Retina XDR Display Silver Laptop<br> Product Id: 33.03.005.334",Apple M3,Apple,Not Applicable,8,1024,True,False,0,270000,14.2,Liquid Retina XDR,Silver,1,7,1,4,10,67,SSD,1,0,1,2,4,6,1
lenovo,Lenovo Legion Slim 7i 16IRH8 Intel Core i7 13700H 16GB RAM 1TB SSD 16 Inch 3.2K Display Storm Grey Gaming Laptop<br> Product Id: 33.02.200.1138,Intel Core i7,Intel,13th,16,1024,True,False,8,273000,16.0,FHD IPS,Storm Grey,10,12,2,3,4,78,SSD,1,1,1,3,2,0,2
lenovo,Lenovo Legion Pro 5i 16IRX8 Intel Core i7 13700HX 16GB RAM 1TB SSD 16 Inch 2.5K QHD WQXGA Display Onyx Grey Gaming Laptop<br> Product Id: 33.02.200.1136,Intel Core i7,Intel,13th,16,1024,True,False,8,273000,16.0,2.5K QHD WQXGA,Onyx Grey,10,12,2,3,0,49,SSD,1,1,1,3,2,0,2
acer,Acer Predator Helios 16 PH16-71-74MN Intel Core i7 13700HX 32GB RAM 1TB SSD 16 Inch QHD+ WQXGA Display Abyssal Black Gaming Laptop<br> Product Id: 33.02.002.1006,Intel Core i7,Intel,13th,32,1024,True,False,8,274900,16.0,2.5K QHD WQXGA,Abyssal Black,0,12,2,3,0,1,SSD,1,1,1,3,2,0,2
asus,Asus ProArt StudioBook 16 H5600QM AMD Ryzen 7 5800H 16GB RAM 1TB SSD 16 Inch 4K WQUXGA OLED Display Star Black Laptop<br> Product Id: 33.03.006.1609,AMD Ryzen 7,AMD,Not Applicable,16,1024,True,False,6,275000,16.0,4K WQUXGA OLED,Star Black,2,3,0,4,2,73,SSD,1,1,1,1,0,7,4
apple,"Apple MacBook Pro (Late 2023) Apple M3 Pro 18GB RAM, 512GB SSD 14.2 Inch Liquid Retina XDR Display Space Black Laptop<br> Product Id: 33.03.005.335",Apple M3,Apple,Not Applicable,18,512,True,False,0,285000,14.2,Liquid Retina XDR,Space Black,1,7,1,4,10,70,SSD,1,0,1,2,4,6,1
apple,"Apple MacBook Pro (Late 2023) Apple M3 Pro 18GB RAM, 512GB SSD 14.2 Inch Liquid Retina XDR Display Silver Laptop<br> Product Id: 33.03.005.336",Apple M3,Apple,Not Applicable,18,512,True,False,0,285000,14.2,Liquid Retina XDR,Silver,1,7,1,4,10,67,SSD,1,0,1,2,4,6,1
apple,"Apple MacBook Air (2023) Apple M2 16GB RAM, 512GB SSD 15.3 Inch Liquid Retina Display Silver Laptop<br> Product Id: 33.03.005.349",Apple M2,Apple,Not Applicable,16,512,True,False,0,285000,15.3,Liquid Retina,Silver,1,6,1,4,9,67,SSD,1,0,1,2,4,8,1
lenovo,Lenovo Legion Pro 5i 16IRX8 Intel Core i7 13700HX 32GB RAM 1TB SSD 16 Inch 2.5K QHD WQXGA Display Onyx Grey Gaming Laptop<br> Product Id: 33.02.200.1137,Intel Core i7,Intel,13th,32,1024,True,False,8,288000,16.0,2.5K QHD WQXGA,Onyx Grey,10,12,2,3,0,49,SSD,1,1,1,3,2,0,2
microsoft,Microsoft Surface Laptop Studio Intel Core i7 11370H 32GB RAM 1TB SSD 14.4 Inch Pixelsense Flow Multi Touch Display Platinum Surface Laptop #ABY-00001<br> Product Id: 33.03.191.308,Intel Core i7,Intel,11th,32,1024,True,False,4,289000,14.4,Pixelsense Multi Touch,Platinum,11,12,2,1,12,54,SSD,1,1,1,4,2,0,2
apple,"Apple MacBook Pro (Late 2023) Apple M3 16GB RAM, 512GB SSD 14.2 Inch Liquid Retina XDR Display Space Gray Laptop<br> Product Id: 33.03.005.350",Apple M3,Apple,Not Applicable,16,512,True,False,0,295000,14.2,Liquid Retina XDR,Space Gray,1,7,1,4,10,71,SSD,1,0,1,2,4,6,1
apple,Apple MacBook Pro (Late 2021) Apple M1 Pro (10-Core) Chip 32GB RAM 1TB SSD 14.2 Inch Liquid Retina XDR Display Space Gray Laptop<br> Product Id: 33.03.005.225,Apple M1,Apple,Not Applicable,32,1024,True,False,0,299000,14.2,Liquid Retina XDR,Space Gray,1,5,1,4,10,71,SSD,1,0,1,2,4,9,4
asus,Asus ProArt StudioBook 16 H5600QM AMD Ryzen 9 5900HX 32GB RAM 1TB SSD 16 Inch 4K WQUXGA OLED Display Star Black Laptop<br> Product Id: 33.03.006.1610,AMD Ryzen 9,AMD,Not Applicable,32,1024,True,False,6,302000,16.0,4K WQUXGA OLED,Star Black,2,4,0,4,2,73,SSD,1,1,1,1,0,7,4
asus,"Asus ZenBook Pro 14 OLED UX6404VV Intel Core i9 13900H 16GB RAM, 1TB SSD 14.5 Inch 2.8K OLED WQHD Touch Display Tech Black Laptop<br> Product Id: 33.03.006.1769",Intel Core i9,Intel,13th,16,1024,True,False,8,305000,14.5,2.8K OLED WQHD Touch,Tech Black,2,13,2,3,1,81,SSD,1,1,1,3,2,0,2
apple,Apple MacBook Pro (2023) Apple M2 Pro Chip 16GB RAM 1TB SSD 14.2 Inch Liquid Retina XDR Display Space Gray Laptop<br> Product Id: 33.03.005.285,Apple M2,Apple,Not Applicable,16,1024,True,False,0,315000,14.2,Liquid Retina XDR,Space Gray,1,6,1,4,10,71,SSD,1,0,1,2,4,6,1
apple,Apple MacBook Pro (2023) Apple M2 Pro Chip 16GB RAM 1TB SSD 14.2 Inch Liquid Retina XDR Display Silver Laptop<br> Product Id: 33.03.005.288,Apple M2,Apple,Not Applicable,16,1024,True,False,0,315000,14.2,Liquid Retina XDR,Silver,1,6,1,4,10,67,SSD,1,0,1,2,4,6,1
apple,Apple MacBook Air (2022) Apple M2 Chip 24GB RAM 2TB SSD 13.6 Inch Liquid Retina Display Midnight MacBook<br> Product Id: 33.03.005.273,Apple M2,Apple,Not Applicable,24,2048,True,False,0,325000,13.6,Liquid Retina,Midnight,1,6,1,4,9,40,SSD,1,0,1,2,4,9,4
asus,Asus ProArt StudioBook 16 H5600QR AMD Ryzen 9 5900HX 32GB RAM 1TB SSD 16 Inch 4K WQUXGA OLED Display Star Black Laptop<br> Product Id: 33.03.006.1611,AMD Ryzen 9,AMD,Not Applicable,32,1024,True,False,8,333000,16.0,4K WQUXGA OLED,Star Black,2,4,0,4,2,73,SSD,1,1,1,1,2,7,4
apple,Apple MacBook Pro (2023) Apple M2 Pro Chip 16GB RAM 512GB SSD 16.2 Inch Liquid Retina XDR Display Silver Laptop<br> Product Id: 33.03.005.293,Apple M2,Apple,Not Applicable,16,512,True,False,0,335000,16.2,Liquid Retina XDR,Silver,1,6,1,4,10,67,SSD,1,0,1,2,4,8,1
lenovo,Lenovo Legion 7i Gaming 16IAX7 Intel Core i9 12900HX 32GB RAM 1TB SSD 16 Inch 2.5K QHD WQXGA IPS Anti-Glare Display Storm Grey-Black Gaming Laptop<br> Product Id: 33.02.200.1159,Intel Core i9,Intel,12th,32,1024,True,False,16,338000,16.0,2.5K QHD WQXGA,Storm Grey-Black,10,13,2,2,0,79,SSD,1,1,1,3,2,0,2
apple,Apple MacBook Pro (2023) Apple M2 Pro Chip 16GB RAM 512GB SSD 16.2 Inch Liquid Retina XDR Display Space Gray Laptop<br> Product Id: 33.03.005.292,Apple M2,Apple,Not Applicable,16,512,True,False,0,340000,16.2,Liquid Retina XDR,Space Gray,1,6,1,4,10,71,SSD,1,0,1,2,4,8,1
apple,Apple MacBook Pro (Late 2021) Apple M1 Max (10-Core) Chip 32GB RAM 1TB SSD 16.2 Inch Liquid Retina XDR Display Silver Laptop<br> Product Id: 33.03.005.219,Apple M1,Apple,Not Applicable,32,1024,True,False,0,350000,16.2,Liquid Retina XDR,Silver,1,5,1,4,10,67,SSD,1,0,1,2,4,9,4
apple,"Apple MacBook Pro (Late 2023) Apple M3 Pro 18GB RAM, 1TB SSD 14.2 Inch Liquid Retina XDR Display Space Black Laptop<br> Product Id: 33.03.005.337",Apple M3,Apple,Not Applicable,18,1024,True,False,0,352000,14.2,Liquid Retina XDR,Space Black,1,7,1,4,10,70,SSD,1,0,1,2,4,6,1
apple,"Apple MacBook Pro (Late 2023) Apple M3 Pro 18GB RAM, 1TB SSD 14.2 Inch Liquid Retina XDR Display Silver Laptop<br> Product Id: 33.03.005.338",Apple M3,Apple,Not Applicable,18,1024,True,False,0,352000,14.2,Liquid Retina XDR,Silver,1,7,1,4,10,67,SSD,1,0,1,2,4,6,1
apple,"Apple Macbook Pro (Late 2023) Apple M3 Pro 18GB RAM, 512GB SSD 16.2 Inch Liquid Retina XDR Display Space Black Laptop<br> Product Id: 33.03.005.317",Apple M3,Apple,Not Applicable,18,512,True,False,0,380000,16.2,Liquid Retina XDR,Space Black,1,7,1,4,10,70,SSD,1,0,1,2,4,8,4
apple,"Apple Macbook Pro (Late 2023) Apple M3 Pro 18GB RAM, 512GB SSD 16.2 Inch Liquid Retina XDR Display Silver Laptop<br> Product Id: 33.03.005.318",Apple M3,Apple,Not Applicable,18,512,True,False,0,380000,16.2,Liquid Retina XDR,Silver,1,7,1,4,10,67,SSD,1,0,1,2,4,8,4
microsoft,Microsoft Surface Laptop Studio Intel Core i7 11370H 32GB RAM 2TB SSD 14.4 Inch Pixelsense Flow Multi Touch Display Platinum Surface Laptop #AI2-00001<br> Product Id: 33.03.191.268,Intel Core i7,Intel,11th,32,2048,True,False,4,395000,14.4,Pixelsense Multi Touch,Platinum,11,12,2,1,12,54,SSD,1,1,1,4,2,0,2
apple,Apple MacBook Pro (2023) Apple M2 Max Chip 32GB RAM 1TB SSD 14.2 Inch Liquid Retina XDR Display Space Gray Laptop<br> Product Id: 33.03.005.286,Apple M2,Apple,Not Applicable,32,1024,True,False,0,396000,14.2,Liquid Retina XDR,Space Gray,1,6,1,4,10,71,SSD,1,0,1,2,4,9,4
apple,Apple MacBook Pro (2023) Apple M2 Max Chip 32GB RAM 1TB SSD 14.2 Inch Liquid Retina XDR Display Silver Laptop<br> Product Id: 33.03.005.289,Apple M2,Apple,Not Applicable,32,1024,True,False,0,396000,14.2,Liquid Retina XDR,Silver,1,6,1,4,10,67,SSD,1,0,1,2,4,9,4
apple,"Apple Macbook Pro (Late 2023) Apple M3 Pro 36GB RAM, 512GB SSD 16.2 Inch Liquid Retina XDR Display Space Black Laptop<br> Product Id: 33.03.005.319",Apple M3,Apple,Not Applicable,36,512,True,False,0,399000,16.2,Liquid Retina XDR,Space Black,1,7,1,4,10,70,SSD,1,0,1,2,4,9,4
apple,"Apple Macbook Pro (Late 2023) Apple M3 Pro 36GB RAM, 1TB SSD 16.2 Inch Liquid Retina XDR Display Silver Laptop<br> Product Id: 33.03.005.322",Apple M3,Apple,Not Applicable,36,1024,True,False,0,415000,16.2,Liquid Retina XDR,Silver,1,7,1,4,10,67,SSD,1,0,1,2,4,9,4
apple,"Apple MacBook Pro (Late 2023) Apple M3 Max 36GB RAM, 1TB SSD 14.2 Inch Liquid Retina XDR Display Space Black Laptop #Z1AV001HY<br> Product Id: 33.03.005.348",Apple M3,Apple,Not Applicable,36,1024,True,False,0,415000,14.2,Liquid Retina XDR,Space Black,1,7,1,4,10,70,SSD,1,0,1,2,4,9,4
apple,"Apple Macbook Pro (Late 2023) Apple M3 Pro 36GB, 512GB SSD 16.2 Inch Liquid Retina XDR Display Silver Laptop<br> Product Id: 33.03.005.320",Apple M3,Apple,Not Applicable,36,512,True,False,0,445000,16.2,Liquid Retina XDR,Silver,1,7,1,4,10,67,SSD,1,0,1,2,4,9,4
apple,"Apple Macbook Pro (Late 2023) Apple M3 Max 36GB RAM, 1TB SSD 16.2 Inch Liquid Retina XDR Display Silver Laptop<br> Product Id: 33.03.005.325",Apple M3,Apple,Not Applicable,36,512,True,False,0,445000,16.2,Liquid Retina XDR,Silver,1,7,1,4,10,67,SSD,1,0,1,2,4,9,4
apple,"Apple Macbook Pro (Late 2023) Apple M3 Pro 36GB RAM, 1TB SSD 16.2 Inch Liquid Retina XDR Display Space Black Laptop<br> Product Id: 33.03.005.321",Apple M3,Apple,Not Applicable,36,1024,True,False,0,450000,16.2,Liquid Retina XDR,Space Black,1,7,1,4,10,70,SSD,1,0,1,2,4,9,4
apple,"Apple MacBook Pro (Late 2023) Apple M3 Max 36GB RAM, 1TB SSD 14.2 Inch Liquid Retina XDR Display Space Black Laptop<br> Product Id: 33.03.005.339",Apple M3,Apple,Not Applicable,36,1024,True,False,0,450000,14.2,Liquid Retina XDR,Space Black,1,7,1,4,10,70,SSD,1,0,1,2,4,9,4
apple,"Apple MacBook Pro (Late 2023) Apple M3 Max 36GB RAM, 1TB SSD 14.2 Inch Liquid Retina XDR Display Silver Laptop<br> Product Id: 33.03.005.340",Apple M3,Apple,Not Applicable,36,1024,True,False,0,450000,14.2,Liquid Retina XDR,Silver,1,7,1,4,10,67,SSD,1,0,1,2,4,9,4
apple,"Apple Macbook Pro (Late 2023) Apple M3 Max 36GB, 1TB SSD 16.2 Inch Liquid Retina XDR Display Space Black Laptop<br> Product Id: 33.03.005.326",Apple M3,Apple,Not Applicable,36,1024,True,False,0,460000,16.2,Liquid Retina XDR,Space Black,1,7,1,4,10,70,SSD,1,0,2,2,4,9,4
apple,Apple MacBook Pro (2023) Apple M2 Max Chip 32GB RAM 1TB SSD 16.2 Inch Liquid Retina XDR Display Space Gray Laptop<br> Product Id: 33.03.005.305,Apple M2,Apple,Not Applicable,32,1024,True,False,0,465000,16.2,Liquid Retina XDR,Space Gray,1,6,1,4,10,71,SSD,1,0,2,2,4,9,4
apple,Apple MacBook Pro (Late 2021) Apple M1 Max Chip 64GB RAM 4TB SSD 16.2 Inch Liquid Retina XDR Display Space Gray Laptop #MK233LL/A<br> Product Id: 33.03.005.269,Apple M1,Apple,Not Applicable,64,4096,True,False,0,479000,16.2,Liquid Retina XDR,Space Gray,1,5,1,4,10,71,SSD,1,0,2,2,4,9,3
apple,Apple Macbook Pro (Early 2023) Apple M2 Max Chip 32GB RAM 2TB SSD 16.2 Inch Liquid Retina XDR Display Space Gray Laptop<br> Product Id: 33.03.005.310,Apple M2,Apple,Not Applicable,32,2048,True,False,0,495000,16.2,Liquid Retina XDR,Space Gray,1,6,1,4,10,71,SSD,1,0,2,2,4,9,4
apple,"Apple Macbook Pro (Late 2023) Apple M3 Max 48GB RAM, 1TB SSD 16.2 Inch Liquid Retina XDR Display Silver Laptop<br> Product Id: 33.03.005.329",Apple M3,Apple,Not Applicable,48,1024,True,False,0,538000,16.2,Liquid Retina XDR,Silver,1,7,1,4,10,67,SSD,1,0,2,2,4,9,4
apple,"Apple Macbook Pro (Late 2023) Apple M3 Max 48GB RAM, 1TB SSD 16.2 Inch Liquid Retina XDR Display Space Black Laptop<br> Product Id: 33.03.005.330",Apple M3,Apple,Not Applicable,48,1024,True,False,0,540000,16.2,Liquid Retina XDR,Space Black,1,7,1,4,10,70,SSD,1,0,2,2,4,9,4
apple,"Apple Macbook Pro (Late 2023) Apple M3 Max 64GB RAM, 4TB SSD 16.2 Inch Liquid Retina XDR Display Space Black Laptop<br> Product Id: 33.03.005.342",Apple M3,Apple,Not Applicable,64,4096,True,False,0,765000,16.2,Liquid Retina XDR,Space Black,1,7,1,4,10,70,SSD,1,0,3,2,4,9,3
apple,"Apple Macbook Pro (Late 2023) Apple M3 Max 128GB RAM, 8TB SSD 16.2 Inch Liquid Retina XDR Display Space Black Laptop<br> Product Id: 33.03.005.343",Apple M3,Apple,Not Applicable,128,8192,True,False,0,1095000,16.2,Liquid Retina XDR,Space Black,1,7,1,4,10,70,SSD,1,0,4,2,4,9,3
